timestamp,multiplier
2025-12-10 19:32:35,12.06
2025-12-10 19:32:47,16.49
2025-12-10 19:33:01,1.08
2025-12-10 19:33:23,2.36
2025-12-10 19:33:37,1.13
2025-12-10 19:33:55,1.69
2025-12-10 19:34:28,6.55
2025-12-10 19:34:49,2.12
2025-12-10 19:35:02,1.04
2025-12-10 19:35:21,2.16
2025-12-10 19:36:38,193.27
2025-12-10 19:36:58,1.70
2025-12-10 19:37:17,1.68
2025-12-10 19:37:36,1.92
2025-12-10 19:37:49,1.00
2025-12-10 19:38:00,1.06
2025-12-10 19:38:13,1.15
2025-12-10 19:38:57,14.77
2025-12-10 19:39:23,3.22
2025-12-10 19:40:19,46.22
2025-12-10 19:40:35,1.03
2025-12-10 19:41:21,23.37
2025-12-10 19:41:55,6.58
2025-12-10 19:42:46,24.81
2025-12-10 19:43:25,8.05
2025-12-10 19:43:57,6.17
2025-12-10 19:44:18,1.66
2025-12-10 19:44:53,7.99
2025-12-10 19:45:14,1.39
2025-12-10 19:45:39,2.92
2025-12-10 19:46:04,3.17
2025-12-10 19:46:24,1.51
2025-12-10 19:46:41,1.41
2025-12-10 19:47:00,1.52
2025-12-10 19:47:20,2.25
2025-12-10 19:48:17,46.71
2025-12-10 19:48:39,1.16
2025-12-10 19:48:57,1.63
2025-12-10 19:49:34,7.88
2025-12-10 19:49:54,1.48
2025-12-10 19:50:17,2.39
2025-12-10 19:50:36,1.45
2025-12-10 19:51:20,16.22
2025-12-10 19:52:17,40.22
2025-12-10 19:52:37,1.77
2025-12-10 19:52:55,1.61
2025-12-10 19:53:17,2.45
2025-12-10 19:53:30,1.00
2025-12-10 19:54:09,9.74
2025-12-10 19:54:25,1.19
2025-12-10 19:54:47,2.07
2025-12-10 19:55:03,1.40
2025-12-10 19:55:17,1.02
2025-12-10 19:55:42,2.84
2025-12-10 19:56:00,1.44
2025-12-10 19:56:22,2.51
2025-12-10 19:56:36,1.25
2025-12-10 19:57:07,1.26
2025-12-10 19:57:22,1.20
2025-12-10 19:57:45,2.72
2025-12-10 19:57:57,1.03
2025-12-10 19:58:21,2.84
2025-12-10 19:58:48,3.34
2025-12-10 19:59:01,1.03
2025-12-10 19:59:16,1.28
2025-12-10 19:59:33,1.72
2025-12-10 19:59:56,2.65
2025-12-10 20:00:10,1.09
2025-12-10 20:00:43,6.86
2025-12-10 20:01:10,3.42
2025-12-10 20:01:25,1.35
2025-12-10 20:01:39,1.26
2025-12-10 20:01:52,1.00
2025-12-10 20:02:17,1.19
2025-12-10 20:02:51,7.83
2025-12-10 20:03:09,1.75
2025-12-10 20:03:31,2.43
2025-12-10 20:03:48,1.66
2025-12-10 20:04:21,5.86
2025-12-10 20:04:54,6.38
2025-12-10 20:05:17,2.37
2025-12-10 20:05:44,3.79
2025-12-10 20:05:58,1.16
2025-12-10 20:06:15,1.52
2025-12-10 20:06:32,1.83
2025-12-10 20:06:55,2.70
2025-12-10 20:07:18,2.35
2025-12-10 20:07:57,10.77
2025-12-10 20:08:15,1.22
2025-12-10 20:08:30,1.42
2025-12-10 20:08:53,2.67
2025-12-10 20:09:12,1.71
2025-12-10 20:09:25,1.19
2025-12-10 20:09:52,3.96
2025-12-10 20:10:05,1.08
2025-12-10 20:10:19,1.39
2025-12-10 20:10:47,4.29
2025-12-10 20:12:14,551.11
2025-12-10 20:12:30,1.38
2025-12-10 20:12:44,1.10
2025-12-10 20:14:03,378.51
2025-12-10 20:14:26,1.63
2025-12-10 20:14:48,2.24
2025-12-10 20:15:12,2.41
2025-12-10 20:15:36,2.77
2025-12-10 20:15:50,1.04
2025-12-10 20:16:13,2.84
2025-12-10 20:16:32,1.54
2025-12-10 20:16:49,1.29
2025-12-10 20:17:01,1.14
2025-12-10 20:17:28,3.28
2025-12-10 20:18:00,5.98
2025-12-10 20:18:19,1.52
2025-12-10 20:18:32,1.16
2025-12-10 20:18:43,1.00
2025-12-10 20:20:07,505.34
2025-12-10 20:20:36,3.44
2025-12-10 20:20:50,1.09
2025-12-10 20:21:34,18.21
2025-12-10 20:21:52,1.18
2025-12-10 20:22:08,1.63
2025-12-10 20:22:26,1.60
2025-12-10 20:22:40,1.12
2025-12-10 20:22:54,1.17
2025-12-10 20:24:00,118.08
2025-12-10 20:24:14,1.12
2025-12-10 20:24:36,2.10
2025-12-10 20:24:53,1.75
2025-12-10 20:25:43,30.21
2025-12-10 20:26:15,4.86
2025-12-10 20:26:32,1.27
2025-12-10 20:26:50,1.52
2025-12-10 20:27:02,1.01
2025-12-10 20:27:52,27.99
2025-12-10 20:28:11,1.51
2025-12-10 20:28:30,1.72
2025-12-10 20:28:42,1.05
2025-12-10 20:29:04,2.06
2025-12-10 20:29:26,1.64
2025-12-10 20:29:42,1.61
2025-12-10 20:30:22,10.92
2025-12-10 20:30:35,1.01
2025-12-10 20:30:57,2.29
2025-12-10 20:31:19,2.35
2025-12-10 20:31:34,1.25
2025-12-10 20:32:34,68.24
2025-12-10 20:32:49,1.05
2025-12-10 20:33:06,1.61
2025-12-10 20:33:35,4.32
2025-12-10 20:33:52,1.11
2025-12-10 20:34:07,1.35
2025-12-10 20:34:25,1.71
2025-12-10 20:34:48,2.75
2025-12-10 20:35:03,1.23
2025-12-10 20:35:14,1.00
2025-12-10 20:35:28,1.01
2025-12-10 20:35:59,5.83
2025-12-10 20:36:17,1.71
2025-12-10 20:36:39,2.50
2025-12-10 20:37:13,6.56
2025-12-10 20:37:29,1.16
2025-12-10 20:37:42,1.22
2025-12-10 20:37:54,1.00
2025-12-10 20:38:17,3.10
2025-12-10 20:38:30,1.04
2025-12-10 20:38:51,2.18
2025-12-10 20:39:08,1.79
2025-12-10 20:39:32,2.85
2025-12-10 20:39:44,1.05
2025-12-10 20:39:58,1.24
2025-12-10 20:40:12,1.26
2025-12-10 20:40:30,1.67
2025-12-10 20:40:59,4.42
2025-12-10 20:41:29,4.56
2025-12-10 20:41:47,1.84
2025-12-10 20:42:01,1.22
2025-12-10 20:42:17,1.34
2025-12-10 20:42:39,2.47
2025-12-10 20:42:54,1.20
2025-12-10 20:43:13,2.04
2025-12-10 20:43:28,1.31
2025-12-10 20:44:12,18.29
2025-12-10 20:44:32,1.56
2025-12-10 20:44:45,1.17
2025-12-10 20:45:00,1.30
2025-12-10 20:45:12,1.05
2025-12-10 20:45:47,7.36
2025-12-10 20:46:05,1.60
2025-12-10 20:46:19,1.27
2025-12-10 20:46:46,4.17
2025-12-10 20:47:07,2.12
2025-12-10 20:47:31,3.02
2025-12-10 20:47:43,1.03
2025-12-10 20:47:57,1.30
2025-12-10 20:48:31,7.68
2025-12-10 20:49:02,4.64
2025-12-10 20:49:49,20.32
2025-12-10 20:50:01,1.00
2025-12-10 20:50:16,1.37
2025-12-10 20:50:37,2.53
2025-12-10 20:50:54,1.26
2025-12-10 20:51:05,1.00
2025-12-10 20:51:38,2.35
2025-12-10 20:51:56,1.54
2025-12-10 20:52:17,2.09
2025-12-10 20:52:55,11.46
2025-12-10 20:53:09,1.21
2025-12-10 20:53:38,4.65
2025-12-10 20:53:54,1.26
2025-12-10 20:54:24,4.94
2025-12-10 20:55:23,54.17
2025-12-10 20:55:36,1.03
2025-12-10 20:55:52,1.20
2025-12-10 20:56:05,1.28
2025-12-10 20:56:21,1.31
2025-12-10 20:56:59,10.59
2025-12-10 20:57:28,3.72
2025-12-10 20:58:02,6.88
2025-12-10 20:58:38,7.80
2025-12-10 20:58:56,1.39
2025-12-10 20:59:12,1.58
2025-12-10 20:59:37,2.18
2025-12-10 21:00:01,2.98
2025-12-10 21:00:23,2.20
2025-12-10 21:00:40,1.60
2025-12-10 21:01:05,2.86
2025-12-10 21:01:44,10.07
2025-12-10 21:02:02,1.38
2025-12-10 21:02:41,11.91
2025-12-10 21:03:29,20.93
2025-12-10 21:03:46,1.35
2025-12-10 21:04:07,2.10
2025-12-10 21:05:05,57.59
2025-12-10 21:05:47,11.69
2025-12-10 21:06:07,1.66
2025-12-10 21:06:25,1.37
2025-12-10 21:07:01,9.00
2025-12-10 21:07:17,1.19
2025-12-10 21:07:52,7.81
2025-12-10 21:08:06,1.00
2025-12-10 21:08:31,2.03
2025-12-10 21:08:57,3.41
2025-12-10 21:09:28,5.24
2025-12-10 21:09:53,2.10
2025-12-10 21:10:07,1.00
2025-12-10 21:10:23,1.04
2025-12-10 21:10:48,3.06
2025-12-10 21:11:38,26.81
2025-12-10 21:12:10,4.70
2025-12-10 21:12:38,3.17
2025-12-10 21:13:09,4.40
2025-12-10 21:13:32,1.84
2025-12-10 21:13:57,3.35
2025-12-10 21:14:14,1.09
2025-12-10 21:14:36,1.95
2025-12-10 21:14:53,1.09
2025-12-10 21:15:12,1.67
2025-12-10 21:15:42,4.69
2025-12-10 21:16:11,3.04
2025-12-10 21:16:50,10.78
2025-12-10 21:17:18,3.62
2025-12-10 21:17:39,1.83
2025-12-10 21:17:55,1.32
2025-12-10 21:18:16,1.41
2025-12-10 21:18:30,1.17
2025-12-10 21:18:51,2.41
2025-12-10 21:19:16,2.96
2025-12-10 21:19:39,2.06
2025-12-10 21:20:05,2.84
2025-12-10 21:20:50,17.96
2025-12-10 21:22:18,557.80
2025-12-10 21:22:41,1.75
2025-12-10 21:23:39,49.45
2025-12-10 21:24:04,2.12
2025-12-10 21:24:18,1.00
2025-12-10 21:24:40,2.27
2025-12-10 21:24:58,1.55
2025-12-10 21:25:14,1.05
2025-12-10 21:25:31,1.39
2025-12-10 21:25:52,2.24
2025-12-10 21:26:13,1.72
2025-12-10 21:26:37,2.92
2025-12-10 21:26:53,1.40
2025-12-10 21:27:29,7.97
2025-12-10 21:27:45,1.24
2025-12-10 21:28:19,5.78
2025-12-10 21:28:34,1.06
2025-12-10 21:29:12,9.89
2025-12-10 21:29:51,7.94
2025-12-10 21:30:10,1.44
2025-12-10 21:30:28,1.49
2025-12-10 21:30:50,1.96
2025-12-10 21:31:12,2.09
2025-12-10 21:31:25,1.07
2025-12-10 21:31:56,5.52
2025-12-10 21:32:19,2.18
2025-12-10 21:32:55,7.58
2025-12-10 21:33:13,1.34
2025-12-10 21:33:49,6.77
2025-12-10 21:34:10,1.68
2025-12-10 21:34:33,2.45
2025-12-10 21:34:55,2.29
2025-12-10 21:35:09,1.00
2025-12-10 21:35:27,1.26
2025-12-10 21:35:47,1.74
2025-12-10 21:36:00,1.01
2025-12-10 21:36:21,2.08
2025-12-10 21:36:53,5.41
2025-12-10 21:37:15,1.83
2025-12-10 21:37:28,1.00
2025-12-10 21:38:06,9.39
2025-12-10 21:38:26,1.60
2025-12-10 21:38:42,1.17
2025-12-10 21:38:55,1.16
2025-12-10 21:39:12,1.59
2025-12-10 21:39:30,1.72
2025-12-10 21:39:51,2.31
2025-12-10 21:40:13,2.30
2025-12-10 21:40:38,2.96
2025-12-10 21:40:51,1.06
2025-12-10 21:41:10,1.92
2025-12-10 21:41:27,1.44
2025-12-10 21:41:45,1.83
2025-12-10 21:42:17,5.80
2025-12-10 21:42:43,2.94
2025-12-10 21:43:04,1.85
2025-12-10 21:43:37,6.92
2025-12-10 21:44:14,7.41
2025-12-10 21:44:32,1.48
2025-12-10 21:44:55,2.17
2025-12-10 21:45:09,1.26
2025-12-10 21:45:31,2.50
2025-12-10 21:46:29,50.05
2025-12-10 21:46:44,1.20
2025-12-10 21:46:57,1.10
2025-12-10 21:47:09,1.07
2025-12-10 21:48:00,26.89
2025-12-10 21:48:16,1.14
2025-12-10 21:48:41,3.09
2025-12-10 21:48:59,1.66
2025-12-10 21:49:27,3.80
2025-12-10 21:49:45,1.44
2025-12-10 21:50:07,2.48
2025-12-10 21:50:23,1.40
2025-12-10 21:51:05,12.16
2025-12-10 21:51:26,1.45
2025-12-10 21:52:33,115.30
2025-12-10 21:52:56,2.00
2025-12-10 21:53:17,2.12
2025-12-10 21:53:33,1.21
2025-12-10 21:53:58,3.37
2025-12-10 21:54:22,2.60
2025-12-10 21:54:42,1.36
2025-12-10 21:55:59,270.82
2025-12-10 21:56:21,1.59
2025-12-10 21:56:40,1.47
2025-12-10 21:57:09,4.21
2025-12-10 21:57:27,1.36
2025-12-10 21:57:50,2.39
2025-12-10 21:58:04,1.00
2025-12-10 21:58:39,8.57
2025-12-10 21:59:03,2.30
2025-12-10 21:59:23,2.22
2025-12-10 21:59:37,1.03
2025-12-10 21:59:53,1.39
2025-12-10 22:00:10,1.30
2025-12-10 22:00:44,7.70
2025-12-10 22:01:02,1.27
2025-12-10 22:01:22,1.87
2025-12-10 22:01:39,1.44
2025-12-10 22:02:06,3.72
2025-12-10 22:02:38,4.71
2025-12-10 22:03:07,2.94
2025-12-10 22:03:32,2.73
2025-12-10 22:03:44,1.00
2025-12-10 22:04:02,1.48
2025-12-10 22:04:28,3.57
2025-12-10 22:05:01,6.36
2025-12-10 22:05:20,1.56
2025-12-10 22:05:41,2.30
2025-12-10 22:06:09,3.14
2025-12-10 22:06:24,1.09
2025-12-10 22:06:44,1.70
2025-12-10 22:07:05,2.07
2025-12-10 22:07:26,2.47
2025-12-10 22:08:03,8.91
2025-12-10 22:08:30,3.08
2025-12-10 22:08:49,1.96
2025-12-10 22:09:07,1.50
2025-12-10 22:09:36,4.14
2025-12-10 22:09:50,1.03
2025-12-10 22:10:09,1.82
2025-12-10 22:10:42,1.18
2025-12-10 22:11:06,2.93
2025-12-10 22:11:56,29.50
2025-12-10 22:12:17,1.53
2025-12-10 22:12:39,2.32
2025-12-10 22:12:51,1.01
2025-12-10 22:13:08,1.49
2025-12-10 22:13:43,6.95
2025-12-10 22:13:59,1.31
2025-12-10 22:14:22,2.85
2025-12-10 22:14:59,9.53
2025-12-10 22:15:24,2.60
2025-12-10 22:15:37,1.02
2025-12-10 22:16:03,3.96
2025-12-10 22:16:24,1.73
2025-12-10 22:16:42,1.60
2025-12-10 22:16:55,1.14
2025-12-10 22:17:10,1.25
2025-12-10 22:17:25,1.18
2025-12-10 22:17:35,1.00
2025-12-10 22:18:00,2.85
2025-12-10 22:18:13,1.06
2025-12-10 22:18:36,3.19
2025-12-10 22:18:58,2.31
2025-12-10 22:19:38,12.22
2025-12-10 22:19:53,1.02
2025-12-10 22:20:04,1.00
2025-12-10 22:20:26,2.21
2025-12-10 22:20:45,1.87
2025-12-10 22:21:01,1.43
2025-12-10 22:21:13,1.03
2025-12-10 22:21:30,1.88
2025-12-10 22:22:05,7.53
2025-12-10 22:22:22,1.21
2025-12-10 22:22:33,1.05
2025-12-10 22:23:00,3.72
2025-12-10 22:23:28,3.75
2025-12-10 22:24:19,29.16
2025-12-10 22:24:39,1.65
2025-12-10 22:25:06,3.62
2025-12-10 22:25:39,7.09
2025-12-10 22:25:54,1.06
2025-12-10 22:26:10,1.41
2025-12-10 22:26:26,1.21
2025-12-10 22:26:45,2.20
2025-12-10 22:26:59,1.10
2025-12-10 22:28:02,83.06
2025-12-10 22:28:24,2.08
2025-12-10 22:28:49,2.97
2025-12-10 22:29:14,3.25
2025-12-10 22:30:00,17.31
2025-12-10 22:30:19,1.33
2025-12-10 22:30:41,2.56
2025-12-10 22:31:43,74.64
2025-12-10 22:32:04,1.39
2025-12-10 22:32:52,27.58
2025-12-10 22:33:50,40.30
2025-12-10 22:34:07,1.41
2025-12-10 22:34:29,2.26
2025-12-10 22:34:46,1.36
2025-12-10 22:35:07,2.45
2025-12-10 22:35:21,1.04
2025-12-10 22:35:40,2.00
2025-12-10 22:36:02,2.09
2025-12-10 22:36:15,1.15
2025-12-10 22:36:31,1.24
2025-12-10 22:36:54,2.52
2025-12-10 22:37:13,1.37
2025-12-10 22:37:32,1.21
2025-12-10 22:37:58,2.59
2025-12-10 22:38:25,3.48
2025-12-10 22:38:40,1.29
2025-12-10 22:39:12,4.15
2025-12-10 22:39:30,1.34
2025-12-10 22:39:42,1.01
2025-12-10 22:40:07,2.78
2025-12-10 22:40:32,3.05
2025-12-10 22:40:52,1.82
2025-12-10 22:41:08,1.39
2025-12-10 22:41:33,3.47
2025-12-10 22:41:49,1.13
2025-12-10 22:42:10,2.58
2025-12-10 22:42:22,1.01
2025-12-10 22:42:43,1.81
2025-12-10 22:42:58,1.29
2025-12-10 22:43:25,4.43
2025-12-10 22:43:50,2.93
2025-12-10 22:44:06,1.36
2025-12-10 22:44:26,2.03
2025-12-10 22:44:46,2.36
2025-12-10 22:45:03,1.52
2025-12-10 22:45:29,3.77
2025-12-10 22:45:48,1.46
2025-12-10 22:46:05,1.25
2025-12-10 22:46:27,2.57
2025-12-10 22:46:43,1.17
2025-12-10 22:47:10,4.77
2025-12-10 22:47:26,1.17
2025-12-10 22:47:56,6.01
2025-12-10 22:48:20,2.92
2025-12-10 22:48:38,1.65
2025-12-10 22:48:59,1.48
2025-12-10 22:49:18,1.96
2025-12-10 22:49:58,13.50
2025-12-10 22:50:25,3.45
2025-12-10 22:50:49,2.77
2025-12-10 22:51:20,4.73
2025-12-10 22:51:43,2.40
2025-12-10 22:52:23,10.30
2025-12-10 22:52:40,1.25
2025-12-10 22:52:50,1.00
2025-12-10 22:53:07,1.59
2025-12-10 22:53:19,1.00
2025-12-10 22:54:23,85.48
2025-12-10 22:54:38,1.00
2025-12-10 22:54:55,1.72
2025-12-10 22:55:21,3.65
2025-12-10 22:55:45,2.04
2025-12-10 22:56:35,29.63
2025-12-10 22:57:17,10.76
2025-12-10 22:57:53,7.66
2025-12-10 22:59:00,93.31
2025-12-10 22:59:16,1.19
2025-12-10 22:59:36,1.87
2025-12-10 23:00:03,3.80
2025-12-10 23:00:31,3.72
2025-12-10 23:00:53,1.93
2025-12-10 23:01:09,1.23
2025-12-10 23:01:58,26.39
2025-12-10 23:02:24,1.97
2025-12-10 23:02:43,1.57
2025-12-10 23:03:27,17.55
2025-12-10 23:04:07,10.57
2025-12-10 23:04:30,1.96
2025-12-10 23:04:44,1.00
2025-12-10 23:04:58,1.20
2025-12-10 23:05:18,1.50
2025-12-10 23:06:01,16.55
2025-12-10 23:06:33,4.77
2025-12-10 23:06:51,1.23
2025-12-10 23:07:05,1.16
2025-12-10 23:07:18,1.00
2025-12-10 23:07:33,1.18
2025-12-10 23:07:53,1.92
2025-12-10 23:08:15,2.68
2025-12-10 23:08:34,1.29
2025-12-10 23:08:56,2.09
2025-12-10 23:09:24,4.12
2025-12-10 23:09:51,3.55
2025-12-10 23:10:25,7.14
2025-12-10 23:10:51,2.78
2025-12-10 23:11:06,1.20
2025-12-10 23:11:24,1.91
2025-12-10 23:11:46,2.24
2025-12-10 23:12:02,1.49
2025-12-10 23:12:43,12.70
2025-12-10 23:13:47,78.34
2025-12-10 23:14:20,4.39
2025-12-10 23:14:50,4.82
2025-12-10 23:15:12,1.96
2025-12-10 23:15:31,1.75
2025-12-10 23:16:10,11.08
2025-12-10 23:16:35,2.23
2025-12-10 23:16:51,1.27
2025-12-10 23:17:11,1.89
2025-12-10 23:17:25,1.21
2025-12-10 23:17:52,3.33
2025-12-10 23:18:31,10.96
2025-12-10 23:18:51,1.36
2025-12-10 23:19:07,1.49
2025-12-10 23:19:44,8.69
2025-12-10 23:20:05,1.55
2025-12-10 23:20:46,11.10
2025-12-10 23:21:10,2.70
2025-12-10 23:21:24,1.05
2025-12-10 23:21:46,2.01
2025-12-10 23:22:11,3.23
2025-12-10 23:22:47,6.22
2025-12-10 23:23:33,13.61
2025-12-10 23:23:59,2.89
2025-12-10 23:24:29,4.81
2025-12-10 23:24:45,1.02
2025-12-10 23:25:07,2.33
2025-12-10 23:25:39,6.33
2025-12-10 23:26:08,3.50
2025-12-10 23:26:35,3.16
2025-12-10 23:27:39,75.94
2025-12-10 23:28:02,1.73
2025-12-10 23:28:43,9.76
2025-12-10 23:29:21,7.71
2025-12-10 23:29:52,3.32
2025-12-10 23:30:18,3.20
2025-12-10 23:30:36,1.00
2025-12-10 23:30:57,1.37
2025-12-10 23:31:24,3.59
2025-12-10 23:31:55,4.43
2025-12-10 23:32:28,5.66
2025-12-10 23:33:05,6.95
2025-12-10 23:33:30,1.84
2025-12-10 23:33:52,2.53
2025-12-10 23:34:15,2.56
2025-12-10 23:34:35,1.24
2025-12-10 23:35:13,7.86
2025-12-10 23:35:38,1.95
2025-12-10 23:36:02,2.12
2025-12-10 23:36:20,1.34
2025-12-10 23:36:44,2.60
2025-12-10 23:37:12,3.52
2025-12-10 23:37:32,1.60
2025-12-10 23:38:05,6.42
2025-12-10 23:38:31,2.19
2025-12-10 23:39:08,8.24
2025-12-10 23:39:28,1.46
2025-12-10 23:39:49,1.72
2025-12-10 23:40:10,1.69
2025-12-10 23:40:38,3.75
2025-12-10 23:40:54,1.01
2025-12-10 23:41:43,19.88
2025-12-10 23:42:49,76.52
2025-12-10 23:43:15,2.86
2025-12-10 23:43:53,7.67
2025-12-10 23:45:17,6.78
2025-12-10 23:45:37,1.40
2025-12-10 23:45:52,1.01
2025-12-10 23:46:25,1.71
2025-12-10 23:46:43,1.48
2025-12-10 23:47:00,1.36
2025-12-10 23:47:10,1.00
2025-12-10 23:47:29,1.53
2025-12-10 23:48:09,11.83
2025-12-10 23:48:48,9.34
2025-12-10 23:49:28,9.50
2025-12-10 23:49:54,2.05
2025-12-10 23:50:19,2.40
2025-12-10 23:50:36,1.57
2025-12-10 23:51:06,4.96
2025-12-10 23:51:22,1.13
2025-12-10 23:51:35,1.00
2025-12-10 23:51:56,2.00
2025-12-10 23:52:11,1.17
2025-12-10 23:52:25,1.30
2025-12-10 23:52:49,2.82
2025-12-10 23:53:01,1.00
2025-12-10 23:53:19,1.38
2025-12-10 23:53:38,1.40
2025-12-10 23:53:59,2.52
2025-12-10 23:54:15,1.30
2025-12-10 23:54:41,4.00
2025-12-10 23:55:04,2.26
2025-12-10 23:55:23,1.77
2025-12-10 23:55:38,1.28
2025-12-10 23:56:16,10.39
2025-12-10 23:56:36,1.46
2025-12-10 23:56:49,1.27
2025-12-10 23:57:15,3.58
2025-12-10 23:57:26,1.00
2025-12-10 23:57:52,3.12
2025-12-10 23:58:31,11.73
2025-12-10 23:58:50,1.44
2025-12-10 23:59:37,20.78
2025-12-11 00:00:10,5.05
2025-12-11 00:00:26,1.49
2025-12-11 00:00:49,2.12
2025-12-11 00:01:20,5.00
2025-12-11 00:01:36,1.12
2025-12-11 00:01:48,1.02
2025-12-11 00:02:20,5.79
2025-12-11 00:02:40,1.59
2025-12-11 00:02:53,1.14
2025-12-11 00:03:18,3.62
2025-12-11 00:03:39,1.95
2025-12-11 00:04:04,3.01
2025-12-11 00:04:15,1.01
2025-12-11 00:04:39,2.37
2025-12-11 00:04:51,1.08
2025-12-11 00:05:25,5.11
2025-12-11 00:05:44,1.75
2025-12-11 00:06:03,1.96
2025-12-11 00:06:17,1.11
2025-12-11 00:06:29,1.10
2025-12-11 00:06:45,1.49
2025-12-11 00:06:59,1.48
2025-12-11 00:07:17,1.62
2025-12-11 00:07:30,1.03
2025-12-11 00:08:15,18.71
2025-12-11 00:08:34,1.95
2025-12-11 00:08:48,1.08
2025-12-11 00:09:10,2.80
2025-12-11 00:09:22,1.00
2025-12-11 00:09:44,2.29
2025-12-11 00:10:18,7.13
2025-12-11 00:10:34,1.31
2025-12-11 00:10:44,1.00
2025-12-11 00:11:02,1.88
2025-12-11 00:11:22,2.22
2025-12-11 00:11:56,7.09
2025-12-11 00:12:39,14.02
2025-12-11 00:13:12,6.18
2025-12-11 00:13:28,1.43
2025-12-11 00:13:40,1.09
2025-12-11 00:14:12,6.13
2025-12-11 00:14:31,1.59
2025-12-11 00:14:52,2.55
2025-12-11 00:15:15,2.57
2025-12-11 00:15:36,2.31
2025-12-11 00:15:53,1.59
2025-12-11 00:16:14,1.94
2025-12-11 00:16:29,1.26
2025-12-11 00:16:50,2.00
2025-12-11 00:17:31,14.30
2025-12-11 00:18:00,4.12
2025-12-11 00:18:14,1.24
2025-12-11 00:18:49,6.81
2025-12-11 00:19:06,1.52
2025-12-11 00:19:54,25.51
2025-12-11 00:20:09,1.23
2025-12-11 00:20:20,1.05
2025-12-11 00:20:42,2.45
2025-12-11 00:21:11,4.97
2025-12-11 00:21:40,4.10
2025-12-11 00:22:08,4.34
2025-12-11 00:22:21,1.05
2025-12-11 00:22:43,2.61
2025-12-11 00:23:29,18.87
2025-12-11 00:23:49,1.74
2025-12-11 00:24:08,1.83
2025-12-11 00:24:25,1.52
2025-12-11 00:24:40,1.25
2025-12-11 00:25:06,3.37
2025-12-11 00:25:49,14.74
2025-12-11 00:26:07,1.64
2025-12-11 00:26:26,1.67
2025-12-11 00:26:42,1.42
2025-12-11 00:27:10,4.71
2025-12-11 00:27:29,1.64
2025-12-11 00:27:51,2.67
2025-12-11 00:28:03,1.06
2025-12-11 00:28:28,3.13
2025-12-11 00:28:45,1.47
2025-12-11 00:29:10,3.53
2025-12-11 00:29:27,1.65
2025-12-11 00:31:30,17.49
2025-12-11 00:31:47,2.36
2025-12-11 00:32:08,2.21
2025-12-11 00:32:21,1.19
2025-12-11 00:32:39,1.62
2025-12-11 00:33:01,2.77
2025-12-11 00:33:35,5.75
2025-12-11 00:34:00,3.11
2025-12-11 00:34:24,3.24
2025-12-11 00:34:37,1.00
2025-12-11 00:35:06,1.40
2025-12-11 00:35:20,1.25
2025-12-11 00:35:36,1.46
2025-12-11 00:36:09,6.58
2025-12-11 00:36:38,4.18
2025-12-11 00:36:58,1.82
2025-12-11 00:37:10,1.03
2025-12-11 00:37:26,1.76
2025-12-11 00:38:05,9.91
2025-12-11 00:38:23,1.46
2025-12-11 00:38:44,2.43
2025-12-11 00:39:00,1.37
2025-12-11 00:39:14,1.28
2025-12-11 00:39:39,3.25
2025-12-11 00:40:11,5.71
2025-12-11 00:40:24,1.10
2025-12-11 00:40:40,1.17
2025-12-11 00:41:05,2.53
2025-12-11 00:41:29,2.69
2025-12-11 00:41:52,3.00
2025-12-11 00:42:05,1.09
2025-12-11 00:42:21,1.64
2025-12-11 00:43:12,22.75
2025-12-11 00:44:30,275.81
2025-12-11 00:45:02,5.14
2025-12-11 00:45:37,7.57
2025-12-11 00:45:57,1.84
2025-12-11 00:46:12,1.42
2025-12-11 00:46:51,11.93
2025-12-11 00:47:24,5.88
2025-12-11 00:47:37,1.11
2025-12-11 00:47:55,1.84
2025-12-11 00:48:14,1.93
2025-12-11 00:48:50,8.96
2025-12-11 00:49:08,1.43
2025-12-11 00:49:59,32.78
2025-12-11 00:50:14,1.19
2025-12-11 00:50:34,2.28
2025-12-11 00:50:56,2.36
2025-12-11 00:51:19,2.47
2025-12-11 00:51:39,1.90
2025-12-11 00:51:51,1.16
2025-12-11 00:52:05,1.12
2025-12-11 00:52:24,2.28
2025-12-11 00:52:59,6.98
2025-12-11 00:53:19,1.69
2025-12-11 00:54:04,17.61
2025-12-11 00:55:09,83.69
2025-12-11 00:55:22,1.06
2025-12-11 00:55:35,1.23
2025-12-11 00:55:50,1.52
2025-12-11 00:56:04,1.19
2025-12-11 00:56:24,2.38
2025-12-11 00:56:45,2.04
2025-12-11 00:57:00,1.49
2025-12-11 00:57:12,1.23
2025-12-11 00:57:25,1.03
2025-12-11 00:57:39,1.45
2025-12-11 00:57:56,1.73
2025-12-11 00:58:54,58.38
2025-12-11 00:59:44,22.72
2025-12-11 00:59:56,1.00
2025-12-11 01:00:08,1.12
2025-12-11 01:00:29,2.27
2025-12-11 01:00:53,2.84
2025-12-11 01:01:15,2.45
2025-12-11 01:01:54,10.29
2025-12-11 01:02:12,1.73
2025-12-11 01:02:25,1.15
2025-12-11 01:02:38,1.23
2025-12-11 01:03:15,7.00
2025-12-11 01:03:33,1.46
2025-12-11 01:04:07,1.98
2025-12-11 01:04:36,5.22
2025-12-11 01:04:58,2.25
2025-12-11 01:05:39,13.84
2025-12-11 01:06:04,2.81
2025-12-11 01:06:37,6.54
2025-12-11 01:07:02,3.29
2025-12-11 01:07:23,2.20
2025-12-11 01:07:36,1.22
2025-12-11 01:07:46,1.00
2025-12-11 01:08:01,1.35
2025-12-11 01:08:21,2.06
2025-12-11 01:08:36,1.52
2025-12-11 01:09:08,6.36
2025-12-11 01:09:34,3.39
2025-12-11 01:10:12,9.85
2025-12-11 01:10:24,1.00
2025-12-11 01:10:36,1.11
2025-12-11 01:11:05,4.98
2025-12-11 01:11:21,1.40
2025-12-11 01:11:42,2.54
2025-12-11 01:12:06,3.03
2025-12-11 01:12:27,2.46
2025-12-11 01:12:42,1.23
2025-12-11 01:13:16,7.65
2025-12-11 01:15:09,1.89
2025-12-11 01:15:30,2.64
2025-12-11 01:15:41,1.01
2025-12-11 01:16:04,2.54
2025-12-11 01:16:32,4.15
2025-12-11 01:16:46,1.22
2025-12-11 01:16:59,1.06
2025-12-11 01:17:29,5.63
2025-12-11 01:18:42,165.66
2025-12-11 01:19:13,4.97
2025-12-11 01:19:26,1.09
2025-12-11 01:20:03,3.85
2025-12-11 01:21:12,113.42
2025-12-11 01:21:31,1.42
2025-12-11 01:21:42,1.08
2025-12-11 01:22:04,2.78
2025-12-11 01:22:42,8.71
2025-12-11 01:22:57,1.13
2025-12-11 01:23:18,2.57
2025-12-11 01:23:52,6.86
2025-12-11 01:24:42,24.64
2025-12-11 01:24:55,1.15
2025-12-11 01:25:11,1.41
2025-12-11 01:25:23,1.07
2025-12-11 01:25:38,1.41
2025-12-11 01:25:58,2.23
2025-12-11 01:26:10,1.00
2025-12-11 01:26:27,1.68
2025-12-11 01:26:42,1.57
2025-12-11 01:27:05,2.79
2025-12-11 01:27:22,1.69
2025-12-11 01:32:35,3.04
2025-12-11 01:32:40,1.06
2025-12-11 01:32:52,1.26
2025-12-11 01:33:14,2.47
2025-12-11 01:33:25,1.02
2025-12-11 01:33:57,6.63
2025-12-11 01:34:29,4.56
2025-12-11 01:34:46,1.69
2025-12-11 01:35:29,14.49
2025-12-11 01:36:39,136.60
2025-12-11 01:37:04,2.77
2025-12-11 01:37:31,3.11
2025-12-11 01:37:42,1.03
2025-12-11 01:37:53,1.01
2025-12-11 01:38:09,1.64
2025-12-11 01:38:23,1.38
2025-12-11 01:38:37,1.16
2025-12-11 01:39:17,12.75
2025-12-11 01:39:28,1.00
2025-12-11 01:39:44,1.47
2025-12-11 01:40:02,1.96
2025-12-11 01:40:21,1.39
2025-12-11 01:40:56,6.20
2025-12-11 01:41:11,1.14
2025-12-11 01:41:26,1.71
2025-12-11 01:42:18,24.01
2025-12-11 01:42:39,1.84
2025-12-11 01:42:52,1.34
2025-12-11 01:43:17,3.69
2025-12-11 01:43:40,2.32
2025-12-11 01:45:35,1.57
2025-12-11 01:45:44,10.78
2025-12-11 01:46:11,3.54
2025-12-11 01:46:25,1.12
2025-12-11 01:46:43,2.19
2025-12-11 01:47:07,2.87
2025-12-11 01:47:19,1.13
2025-12-11 01:47:38,2.14
2025-12-11 01:47:53,1.25
2025-12-11 01:48:03,1.00
2025-12-11 01:48:20,1.72
2025-12-11 01:48:50,5.67
2025-12-11 01:49:04,1.17
2025-12-11 01:49:19,1.65
2025-12-11 01:49:32,1.29
2025-12-11 01:49:56,3.22
2025-12-11 01:50:35,10.51
2025-12-11 01:50:55,2.13
2025-12-11 01:51:05,1.02
2025-12-11 01:51:19,1.36
2025-12-11 01:51:40,2.17
2025-12-11 01:51:58,1.69
2025-12-11 01:52:08,1.00
2025-12-11 01:52:20,1.14
2025-12-11 01:52:32,1.22
2025-12-11 01:53:00,4.28
2025-12-11 01:53:12,1.08
2025-12-11 01:53:25,1.27
2025-12-11 01:53:57,6.58
2025-12-11 01:54:08,1.10
2025-12-11 01:54:27,2.08
2025-12-11 01:54:54,4.08
2025-12-11 01:55:13,2.03
2025-12-11 01:55:28,1.55
2025-12-11 01:56:18,25.92
2025-12-11 01:56:31,1.24
2025-12-11 01:56:53,2.49
2025-12-11 01:57:03,1.08
2025-12-11 01:57:19,1.57
2025-12-11 01:57:34,1.49
2025-12-11 01:57:53,2.15
2025-12-11 01:58:14,2.40
2025-12-11 01:58:46,6.03
2025-12-11 01:58:58,1.28
2025-12-11 01:59:22,2.96
2025-12-11 01:59:34,1.18
2025-12-11 01:59:58,3.00
2025-12-11 02:00:18,2.24
2025-12-11 02:00:47,4.95
2025-12-11 02:01:09,2.60
2025-12-11 02:01:28,2.14
2025-12-11 02:01:42,1.24
2025-12-11 02:01:57,1.51
2025-12-11 02:02:15,1.96
2025-12-11 02:02:32,1.89
2025-12-11 02:02:48,1.57
2025-12-11 02:03:18,5.68
2025-12-11 02:03:35,1.43
2025-12-11 02:03:59,3.43
2025-12-11 02:04:24,3.17
2025-12-11 02:04:35,1.06
2025-12-11 02:04:50,1.50
2025-12-11 02:05:09,2.02
2025-12-11 02:05:33,3.41
2025-12-11 02:05:48,1.32
2025-12-11 02:05:57,1.00
2025-12-11 02:06:11,1.40
2025-12-11 02:06:42,5.92
2025-12-11 02:08:29,3.29
2025-12-11 02:08:50,12.07
2025-12-11 02:09:02,1.20
2025-12-11 02:09:13,1.00
2025-12-11 02:10:40,627.43
2025-12-11 02:11:02,2.83
2025-12-11 02:11:14,1.14
2025-12-11 02:11:34,2.19
2025-12-11 02:11:47,1.24
2025-12-11 02:12:15,4.81
2025-12-11 02:12:37,2.63
2025-12-11 02:13:12,7.15
2025-12-11 02:13:30,1.90
2025-12-11 02:14:00,5.25
2025-12-11 02:14:19,2.16
2025-12-11 02:14:34,1.43
2025-12-11 02:14:45,1.04
2025-12-11 02:15:00,1.53
2025-12-11 02:15:12,1.23
2025-12-11 02:15:49,9.92
2025-12-11 02:16:15,3.66
2025-12-11 02:16:27,1.18
2025-12-11 02:16:41,1.35
2025-12-11 02:17:22,13.50
2025-12-11 02:17:35,1.12
2025-12-11 02:17:48,1.41
2025-12-11 02:17:58,1.01
2025-12-11 02:18:55,52.78
2025-12-11 02:19:08,1.00
2025-12-11 02:19:33,3.32
2025-12-11 02:19:46,1.27
2025-12-11 02:19:59,1.01
2025-12-11 02:20:08,1.00
2025-12-11 02:20:31,2.99
2025-12-11 02:20:51,2.09
2025-12-11 02:21:11,2.63
2025-12-11 02:21:22,1.02
2025-12-11 02:22:29,127.24
2025-12-11 02:22:52,2.67
2025-12-11 02:23:11,2.19
2025-12-11 02:23:27,1.63
2025-12-11 02:24:00,7.66
2025-12-11 02:24:21,2.23
2025-12-11 02:24:36,1.59
2025-12-11 02:24:47,1.06
2025-12-11 02:25:02,1.36
2025-12-11 02:25:23,2.82
2025-12-11 02:25:49,3.55
2025-12-11 02:26:08,2.12
2025-12-11 02:26:22,1.47
2025-12-11 02:26:40,1.75
2025-12-11 02:26:54,1.43
2025-12-11 02:27:12,1.89
2025-12-11 02:27:34,2.49
2025-12-11 02:27:55,2.62
2025-12-11 02:28:43,22.55
2025-12-11 02:28:55,1.18
2025-12-11 02:29:20,3.64
2025-12-11 02:29:36,1.61
2025-12-11 02:29:51,1.42
2025-12-11 02:30:14,2.95
2025-12-11 02:30:54,11.37
2025-12-11 02:31:19,3.75
2025-12-11 02:31:41,2.55
2025-12-11 02:31:54,1.27
2025-12-11 02:32:24,5.29
2025-12-11 02:32:49,3.05
2025-12-11 02:33:04,1.28
2025-12-11 02:33:16,1.17
2025-12-11 02:33:26,1.00
2025-12-11 02:34:10,17.01
2025-12-11 02:34:33,2.33
2025-12-11 02:36:26,224.80
2025-12-11 02:38:18,1.15
2025-12-11 02:38:36,11.09
2025-12-11 02:39:05,4.68
2025-12-11 02:39:18,1.20
2025-12-11 02:39:29,1.03
2025-12-11 02:39:57,4.59
2025-12-11 02:40:15,1.92
2025-12-11 02:40:58,13.88
2025-12-11 02:43:52,2.09
2025-12-11 02:43:58,2.06
2025-12-11 02:44:25,3.87
2025-12-11 02:44:37,1.07
2025-12-11 02:45:01,3.40
2025-12-11 02:45:27,3.53
2025-12-11 02:45:47,1.87
2025-12-11 02:46:02,1.30
2025-12-11 02:46:21,1.88
2025-12-11 02:47:02,12.89
2025-12-11 02:47:39,10.39
2025-12-11 02:47:59,1.99
2025-12-11 02:48:12,1.26
2025-12-11 02:48:22,1.03
2025-12-11 02:48:36,1.11
2025-12-11 02:49:24,26.28
2025-12-11 02:49:49,3.26
2025-12-11 02:50:04,1.35
2025-12-11 02:50:14,1.01
2025-12-11 02:50:40,3.90
2025-12-11 02:50:57,1.87
2025-12-11 02:51:13,1.53
2025-12-11 02:51:25,1.17
2025-12-11 02:51:40,1.49
2025-12-11 02:52:47,118.72
2025-12-11 02:53:15,4.66
2025-12-11 02:53:45,4.35
2025-12-11 02:54:27,13.48
2025-12-11 02:55:15,23.51
2025-12-11 02:55:30,1.53
2025-12-11 02:55:45,1.41
2025-12-11 02:56:00,1.55
2025-12-11 02:56:28,4.07
2025-12-11 02:57:28,70.76
2025-12-11 02:57:47,1.56
2025-12-11 02:58:14,4.18
2025-12-11 02:58:26,1.03
2025-12-11 02:58:49,3.23
2025-12-11 02:59:14,3.58
2025-12-11 02:59:37,2.77
2025-12-11 03:00:23,19.90
2025-12-11 03:02:16,3.33
2025-12-11 03:02:27,1.89
2025-12-11 03:03:22,42.09
2025-12-11 03:03:37,1.35
2025-12-11 03:03:51,1.42
2025-12-11 03:04:14,2.72
2025-12-11 03:04:43,4.87
2025-12-11 03:05:00,1.51
2025-12-11 03:05:10,1.09
2025-12-11 03:05:26,1.59
2025-12-11 03:05:37,1.07
2025-12-11 03:05:55,1.81
2025-12-11 03:06:11,1.58
2025-12-11 03:06:21,1.00
2025-12-11 03:06:32,1.13
2025-12-11 03:06:56,3.33
2025-12-11 03:07:24,4.47
2025-12-11 03:08:00,7.64
2025-12-11 03:08:17,1.77
2025-12-11 03:08:28,1.15
2025-12-11 03:08:43,1.46
2025-12-11 03:09:46,80.85
2025-12-11 03:10:00,1.27
2025-12-11 03:10:15,1.55
2025-12-11 03:10:59,17.88
2025-12-11 03:11:39,12.40
2025-12-11 03:11:51,1.06
2025-12-11 03:13:55,1.77
2025-12-11 03:13:56,2.37
2025-12-11 03:14:06,1.00
2025-12-11 03:14:32,3.89
2025-12-11 03:14:42,1.00
2025-12-11 03:15:12,5.36
2025-12-11 03:16:28,261.67
2025-12-11 03:17:17,22.45
2025-12-11 03:17:50,7.12
2025-12-11 03:18:02,1.16
2025-12-11 03:18:18,1.59
2025-12-11 03:18:30,1.20
2025-12-11 03:19:00,5.60
2025-12-11 03:19:34,6.87
2025-12-11 03:20:24,25.88
2025-12-11 03:20:37,1.17
2025-12-11 03:20:51,1.23
2025-12-11 03:21:08,1.66
2025-12-11 03:21:23,1.48
2025-12-11 03:21:39,1.73
2025-12-11 03:22:13,6.72
2025-12-11 03:22:30,1.69
2025-12-11 03:23:19,27.43
2025-12-11 03:23:34,1.45
2025-12-11 03:23:55,2.13
2025-12-11 03:24:07,1.20
2025-12-11 03:24:19,1.10
2025-12-11 03:24:31,1.25
2025-12-11 03:25:28,51.67
2025-12-11 03:27:14,1.06
2025-12-11 03:27:19,1.19
2025-12-11 03:27:41,2.52
2025-12-11 03:28:00,1.93
2025-12-11 03:28:15,1.41
2025-12-11 03:28:25,1.00
2025-12-11 03:29:05,12.37
2025-12-11 03:29:19,1.33
2025-12-11 03:29:49,5.01
2025-12-11 03:30:03,1.39
2025-12-11 03:30:19,1.28
2025-12-11 03:31:04,6.54
2025-12-11 03:31:15,1.08
2025-12-11 03:31:45,5.20
2025-12-11 03:32:02,1.67
2025-12-11 03:32:15,1.37
2025-12-11 03:32:46,5.23
2025-12-11 03:33:18,6.18
2025-12-11 03:33:38,2.13
2025-12-11 03:33:49,1.10
2025-12-11 03:34:24,8.19
2025-12-11 03:34:43,1.81
2025-12-11 03:34:57,1.30
2025-12-11 03:35:15,1.88
2025-12-11 03:35:32,1.93
2025-12-11 03:35:53,2.40
2025-12-11 03:36:04,1.00
2025-12-11 03:36:43,12.22
2025-12-11 03:37:07,2.69
2025-12-11 03:37:41,8.08
2025-12-11 03:37:59,1.78
2025-12-11 03:38:41,14.68
2025-12-11 03:38:56,1.53
2025-12-11 03:39:24,4.16
2025-12-11 03:39:45,2.58
2025-12-11 03:40:02,1.76
2025-12-11 03:41:11,145.26
2025-12-11 03:42:43,807.39
2025-12-11 03:42:57,1.28
2025-12-11 03:43:07,1.00
2025-12-11 03:43:19,1.10
2025-12-11 03:43:33,1.30
2025-12-11 03:43:48,1.40
2025-12-11 03:43:58,1.00
2025-12-11 03:44:15,1.73
2025-12-11 03:44:27,1.19
2025-12-11 03:47:39,2.02
2025-12-11 03:47:49,3.01
2025-12-11 03:48:28,10.48
2025-12-11 03:48:40,1.01
2025-12-11 03:48:52,1.26
2025-12-11 03:49:11,2.09
2025-12-11 03:49:21,1.07
2025-12-11 03:49:52,5.49
2025-12-11 03:50:40,23.28
2025-12-11 03:50:59,2.08
2025-12-11 03:51:30,5.10
2025-12-11 03:52:43,183.05
2025-12-11 03:52:59,1.54
2025-12-11 03:53:14,1.63
2025-12-11 03:53:31,1.68
2025-12-11 03:54:12,11.10
2025-12-11 03:54:23,1.09
2025-12-11 03:54:38,1.50
2025-12-11 03:55:23,16.68
2025-12-11 03:55:34,1.00
2025-12-11 03:55:45,1.04
2025-12-11 03:55:58,1.24
2025-12-11 03:56:17,2.08
2025-12-11 03:56:34,1.86
2025-12-11 03:56:46,1.03
2025-12-11 03:56:58,1.22
2025-12-11 03:57:08,1.00
2025-12-11 03:57:18,1.01
2025-12-11 03:57:40,2.83
2025-12-11 03:57:54,1.31
2025-12-11 03:58:27,7.15
2025-12-11 03:58:45,1.91
2025-12-11 03:58:56,1.05
2025-12-11 03:59:27,6.09
2025-12-11 04:00:08,12.12
2025-12-11 04:00:26,1.98
2025-12-11 04:04:14,1.89
2025-12-11 04:04:15,1.90
2025-12-11 04:04:27,1.06
2025-12-11 04:04:47,2.27
2025-12-11 04:04:58,1.11
2025-12-11 04:05:14,1.80
2025-12-11 04:05:24,1.00
2025-12-11 04:06:17,37.09
2025-12-11 04:06:32,1.43
2025-12-11 04:06:49,1.91
2025-12-11 04:06:59,1.04
2025-12-11 04:07:13,1.45
2025-12-11 04:07:25,1.12
2025-12-11 04:07:38,1.46
2025-12-11 04:07:52,1.14
2025-12-11 04:08:13,2.76
2025-12-11 04:08:26,1.31
2025-12-11 04:09:14,25.11
2025-12-11 04:09:32,1.92
2025-12-11 04:09:46,1.31
2025-12-11 04:09:58,1.26
2025-12-11 04:10:58,67.33
2025-12-11 04:11:48,24.29
2025-12-11 04:12:08,2.32
2025-12-11 04:12:21,1.34
2025-12-11 04:12:33,1.23
2025-12-11 04:12:57,3.30
2025-12-11 04:13:12,1.51
2025-12-11 04:13:27,1.50
2025-12-11 04:13:37,1.00
2025-12-11 04:14:01,3.14
2025-12-11 04:14:14,1.31
2025-12-11 04:14:41,4.26
2025-12-11 04:15:00,1.87
2025-12-11 04:15:10,1.00
2025-12-11 04:15:25,1.56
2025-12-11 04:15:37,1.18
2025-12-11 04:15:52,1.63
2025-12-11 04:16:08,1.42
2025-12-11 04:16:25,1.89
2025-12-11 04:16:47,2.84
2025-12-11 04:17:03,1.45
2025-12-11 04:17:24,2.64
2025-12-11 04:18:32,134.96
2025-12-11 04:18:44,1.11
2025-12-11 04:20:30,1.80
2025-12-11 04:20:38,1.17
2025-12-11 04:21:36,47.46
2025-12-11 04:21:53,1.58
2025-12-11 04:22:12,2.35
2025-12-11 04:23:07,40.75
2025-12-11 04:23:30,2.74
2025-12-11 04:23:49,2.21
2025-12-11 04:24:29,11.88
2025-12-11 04:24:44,1.59
2025-12-11 04:25:11,4.00
2025-12-11 04:26:06,41.44
2025-12-11 04:26:31,3.16
2025-12-11 04:27:21,25.15
2025-12-11 04:27:33,1.23
2025-12-11 04:27:43,1.02
2025-12-11 04:28:01,1.63
2025-12-11 04:28:33,6.97
2025-12-11 04:28:45,1.09
2025-12-11 04:28:56,1.05
2025-12-11 04:29:21,3.14
2025-12-11 04:29:41,2.31
2025-12-11 04:29:58,1.90
2025-12-11 04:30:09,1.00
2025-12-11 04:32:04,43.16
2025-12-11 04:32:13,1.00
2025-12-11 04:32:32,2.07
2025-12-11 04:32:45,1.42
2025-12-11 04:33:02,1.61
2025-12-11 04:33:32,5.33
2025-12-11 04:33:49,1.81
2025-12-11 04:33:59,1.00
2025-12-11 04:34:11,1.05
2025-12-11 04:34:43,6.14
2025-12-11 04:35:02,1.99
2025-12-11 04:35:42,13.36
2025-12-11 04:35:58,1.48
2025-12-11 04:36:20,3.00
2025-12-11 04:36:36,1.56
2025-12-11 04:37:43,102.14
2025-12-11 04:38:04,2.79
2025-12-11 04:38:29,3.24
2025-12-11 04:38:40,1.17
2025-12-11 04:39:11,5.11
2025-12-11 04:39:33,2.71
2025-12-11 04:39:43,1.00
2025-12-11 04:40:52,118.79
2025-12-11 04:41:06,1.38
2025-12-11 04:41:19,1.31
2025-12-11 04:41:35,1.51
2025-12-11 04:42:12,9.81
2025-12-11 04:42:31,2.02
2025-12-11 04:42:55,3.36
2025-12-11 04:43:08,1.35
2025-12-11 04:43:53,19.84
2025-12-11 04:44:14,2.30
2025-12-11 04:44:35,2.37
2025-12-11 04:45:33,44.62
2025-12-11 04:45:58,3.22
2025-12-11 04:46:16,1.87
2025-12-11 04:46:28,1.13
2025-12-11 04:46:37,1.00
2025-12-11 04:46:59,2.82
2025-12-11 04:47:50,26.78
2025-12-11 04:48:22,6.11
2025-12-11 04:48:49,3.91
2025-12-11 04:49:02,1.11
2025-12-11 04:49:31,5.54
2025-12-11 04:49:59,4.36
2025-12-11 04:50:19,1.94
2025-12-11 04:50:29,1.00
2025-12-11 04:50:47,1.87
2025-12-11 04:51:19,6.90
2025-12-11 04:51:31,1.00
2025-12-11 04:51:41,1.02
2025-12-11 04:51:53,1.22
2025-12-11 04:52:05,1.13
2025-12-11 04:52:53,26.41
2025-12-11 04:53:05,1.05
2025-12-11 04:53:56,27.03
2025-12-11 04:54:45,26.40
2025-12-11 04:54:56,1.00
2025-12-11 04:55:08,1.17
2025-12-11 04:55:47,11.04
2025-12-11 04:56:02,1.25
2025-12-11 04:56:51,23.65
2025-12-11 04:57:19,4.15
2025-12-11 04:57:47,4.62
2025-12-11 04:59:28,1796.47
2025-12-11 04:59:39,1.01
2025-12-11 05:01:05,531.12
2025-12-11 05:01:21,1.45
2025-12-11 05:01:31,1.00
2025-12-11 05:01:48,1.72
2025-12-11 05:02:07,2.09
2025-12-11 05:02:17,1.00
2025-12-11 05:02:37,2.25
2025-12-11 05:03:19,13.96
2025-12-11 05:03:31,1.15
2025-12-11 05:04:04,6.86
2025-12-11 05:04:27,2.94
2025-12-11 05:04:46,1.84
2025-12-11 05:05:20,7.32
2025-12-11 05:05:43,2.82
2025-12-11 05:05:57,1.28
2025-12-11 05:06:13,1.69
2025-12-11 05:08:04,1.44
2025-12-11 05:08:14,1.04
2025-12-11 05:08:47,7.59
2025-12-11 05:09:16,4.42
2025-12-11 05:09:36,1.97
2025-12-11 05:10:08,6.21
2025-12-11 05:10:33,3.34
2025-12-11 05:12:40,1.10
2025-12-11 05:12:47,2.73
2025-12-11 05:13:04,1.61
2025-12-11 05:13:21,1.89
2025-12-11 05:13:42,2.13
2025-12-11 05:13:54,1.22
2025-12-11 05:14:07,1.18
2025-12-11 05:14:49,15.70
2025-12-11 05:15:01,1.17
2025-12-11 05:15:33,6.22
2025-12-11 05:15:45,1.18
2025-12-11 05:16:09,3.20
2025-12-11 05:16:21,1.19
2025-12-11 05:16:44,2.75
2025-12-11 05:17:06,2.93
2025-12-11 05:17:21,1.29
2025-12-11 05:17:33,1.09
2025-12-11 05:17:43,1.06
2025-12-11 05:18:02,2.14
2025-12-11 05:18:25,2.94
2025-12-11 05:19:40,211.77
2025-12-11 05:19:53,1.26
2025-12-11 05:20:08,1.53
2025-12-11 05:22:00,3.08
2025-12-11 05:22:10,1.29
2025-12-11 05:22:24,1.52
2025-12-11 05:22:52,3.88
2025-12-11 05:23:12,2.32
2025-12-11 05:23:25,1.16
2025-12-11 05:23:42,1.90
2025-12-11 05:24:00,1.78
2025-12-11 05:24:16,1.83
2025-12-11 05:24:34,1.71
2025-12-11 05:24:44,1.00
2025-12-11 05:25:03,2.16
2025-12-11 05:25:23,2.43
2025-12-11 05:25:44,2.33
2025-12-11 05:26:01,1.81
2025-12-11 05:26:27,3.87
2025-12-11 05:26:40,1.33
2025-12-11 05:27:38,50.77
2025-12-11 05:27:52,1.37
2025-12-11 05:28:09,1.63
2025-12-11 05:28:28,2.23
2025-12-11 05:28:41,1.33
2025-12-11 05:28:59,1.75
2025-12-11 05:29:26,4.61
2025-12-11 05:29:43,1.66
2025-12-11 05:31:33,1.49
2025-12-11 05:31:37,1.60
2025-12-11 05:32:02,3.68
2025-12-11 05:32:28,3.69
2025-12-11 05:33:02,7.48
2025-12-11 05:33:18,1.53
2025-12-11 05:33:38,2.39
2025-12-11 05:33:52,1.47
2025-12-11 05:34:15,2.74
2025-12-11 05:34:57,14.75
2025-12-11 05:35:10,1.06
2025-12-11 05:35:46,10.30
2025-12-11 05:36:31,18.23
2025-12-11 05:37:16,18.18
2025-12-11 05:37:36,1.80
2025-12-11 05:37:54,2.01
2025-12-11 05:38:15,1.83
2025-12-11 05:38:37,2.38
2025-12-11 05:38:49,1.28
2025-12-11 05:39:10,2.65
2025-12-11 05:39:31,2.60
2025-12-11 05:39:53,2.39
2025-12-11 05:40:07,1.19
2025-12-11 05:40:22,1.53
2025-12-11 05:40:35,1.31
2025-12-11 05:40:54,2.14
2025-12-11 05:41:34,12.29
2025-12-11 05:42:37,82.84
2025-12-11 05:42:56,1.61
2025-12-11 05:43:07,1.02
2025-12-11 05:43:37,5.69
2025-12-11 05:44:17,10.04
2025-12-11 05:44:29,1.01
2025-12-11 05:44:41,1.00
2025-12-11 05:44:55,1.14
2025-12-11 05:45:10,1.61
2025-12-11 05:46:00,7.88
2025-12-11 05:46:50,31.59
2025-12-11 05:47:21,5.50
2025-12-11 05:47:59,7.72
2025-12-11 05:48:30,5.53
2025-12-11 05:48:57,4.02
2025-12-11 05:49:17,1.79
2025-12-11 05:49:30,1.30
2025-12-11 05:49:40,1.02
2025-12-11 05:50:17,9.42
2025-12-11 05:50:53,8.87
2025-12-11 05:51:18,3.07
2025-12-11 05:51:34,1.61
2025-12-11 05:51:53,1.83
2025-12-11 05:52:08,1.21
2025-12-11 05:52:44,10.25
2025-12-11 05:53:01,1.18
2025-12-11 05:53:26,3.21
2025-12-11 05:53:56,5.68
2025-12-11 05:54:10,1.06
2025-12-11 05:54:30,2.07
2025-12-11 05:55:16,21.92
2025-12-11 05:57:07,1.14
2025-12-11 05:57:35,6.42
2025-12-11 05:57:49,1.00
2025-12-11 05:58:24,8.18
2025-12-11 05:58:47,2.39
2025-12-11 05:58:59,1.03
2025-12-11 05:59:12,1.19
2025-12-11 05:59:41,4.92
2025-12-11 06:00:01,2.43
2025-12-11 06:02:08,1.39
2025-12-11 06:02:13,1.18
2025-12-11 06:02:25,1.00
2025-12-11 06:02:37,1.05
2025-12-11 06:02:51,1.63
2025-12-11 06:03:12,2.24
2025-12-11 06:03:23,1.00
2025-12-11 06:03:41,2.27
2025-12-11 06:03:53,1.05
2025-12-11 06:04:08,1.59
2025-12-11 06:04:30,2.79
2025-12-11 06:04:50,1.89
2025-12-11 06:05:02,1.24
2025-12-11 06:05:22,2.18
2025-12-11 06:05:36,1.12
2025-12-11 06:05:50,1.62
2025-12-11 06:06:10,2.26
2025-12-11 06:06:33,2.89
2025-12-11 06:06:52,1.88
2025-12-11 06:07:28,8.82
2025-12-11 06:07:49,2.45
2025-12-11 06:08:01,1.02
2025-12-11 06:08:29,4.16
2025-12-11 06:08:41,1.05
2025-12-11 06:08:55,1.44
2025-12-11 06:09:20,3.58
2025-12-11 06:09:46,3.86
2025-12-11 06:10:04,1.75
2025-12-11 06:10:17,1.14
2025-12-11 06:10:32,1.08
2025-12-11 06:10:43,1.11
2025-12-11 06:11:05,2.89
2025-12-11 06:11:25,2.17
2025-12-11 06:12:00,6.11
2025-12-11 06:12:58,56.59
2025-12-11 06:13:10,1.14
2025-12-11 06:13:24,1.27
2025-12-11 06:13:34,1.09
2025-12-11 06:13:50,1.64
2025-12-11 06:14:30,12.53
2025-12-11 06:14:54,2.88
2025-12-11 06:15:14,2.17
2025-12-11 06:15:41,4.11
2025-12-11 06:15:53,1.19
2025-12-11 06:16:27,6.50
2025-12-11 06:16:53,4.15
2025-12-11 06:17:28,6.60
2025-12-11 06:17:39,1.04
2025-12-11 06:17:53,1.22
2025-12-11 06:18:07,1.43
2025-12-11 06:18:35,3.94
2025-12-11 06:18:52,1.75
2025-12-11 06:19:15,2.78
2025-12-11 06:19:51,7.04
2025-12-11 06:20:13,2.21
2025-12-11 06:20:29,1.72
2025-12-11 06:21:00,5.42
2025-12-11 06:21:34,6.96
2025-12-11 06:21:53,1.77
2025-12-11 06:22:14,2.36
2025-12-11 06:22:35,2.07
2025-12-11 06:22:47,1.17
2025-12-11 06:23:01,1.40
2025-12-11 06:23:19,1.97
2025-12-11 06:23:44,3.09
2025-12-11 06:24:02,1.81
2025-12-11 06:24:26,3.41
2025-12-11 06:25:31,88.63
2025-12-11 06:25:45,1.22
2025-12-11 06:25:57,1.14
2025-12-11 06:26:09,1.13
2025-12-11 06:26:24,1.46
2025-12-11 06:26:44,2.06
2025-12-11 06:26:55,1.06
2025-12-11 06:27:15,2.26
2025-12-11 06:27:27,1.24
2025-12-11 06:28:47,324.82
2025-12-11 06:28:59,1.02
2025-12-11 06:29:15,1.49
2025-12-11 06:29:36,2.63
2025-12-11 06:29:49,1.17
2025-12-11 06:30:12,3.00
2025-12-11 06:30:23,1.06
2025-12-11 06:30:38,1.35
2025-12-11 06:30:50,1.31
2025-12-11 06:31:17,3.65
2025-12-11 06:31:41,3.45
2025-12-11 06:31:57,1.62
2025-12-11 06:32:20,2.77
2025-12-11 06:32:36,1.45
2025-12-11 06:33:11,7.67
2025-12-11 06:33:29,1.99
2025-12-11 06:33:41,1.01
2025-12-11 06:33:54,1.37
2025-12-11 06:34:07,1.16
2025-12-11 06:34:36,4.99
2025-12-11 06:35:06,5.20
2025-12-11 06:35:16,1.00
2025-12-11 06:35:40,1.33
2025-12-11 06:35:53,1.31
2025-12-11 06:36:28,7.96
2025-12-11 06:36:51,2.91
2025-12-11 06:37:27,8.13
2025-12-11 06:37:49,2.57
2025-12-11 06:38:07,1.84
2025-12-11 06:38:56,25.96
2025-12-11 06:39:30,5.66
2025-12-11 06:39:59,4.57
2025-12-11 06:40:22,2.50
2025-12-11 06:40:53,5.93
2025-12-11 06:41:15,2.52
2025-12-11 06:41:49,7.97
2025-12-11 06:42:03,1.17
2025-12-11 06:42:26,2.71
2025-12-11 06:42:52,3.94
2025-12-11 06:43:08,1.42
2025-12-11 06:43:24,1.57
2025-12-11 06:43:41,1.69
2025-12-11 06:45:13,947.18
2025-12-11 06:45:25,1.00
2025-12-11 06:45:58,5.97
2025-12-11 06:46:15,1.75
2025-12-11 06:46:38,2.78
2025-12-11 06:46:50,1.11
2025-12-11 06:47:27,9.90
2025-12-11 06:48:02,6.03
2025-12-11 06:48:28,3.60
2025-12-11 06:48:50,2.43
2025-12-11 06:49:07,1.72
2025-12-11 06:50:01,42.36
2025-12-11 06:50:16,1.15
2025-12-11 06:50:28,1.09
2025-12-11 06:50:41,1.21
2025-12-11 06:50:53,1.18
2025-12-11 06:51:08,1.40
2025-12-11 06:51:27,1.94
2025-12-11 06:51:49,2.97
2025-12-11 06:52:02,1.05
2025-12-11 06:52:27,1.40
2025-12-11 06:52:53,3.75
2025-12-11 06:53:44,31.69
2025-12-11 06:54:11,3.41
2025-12-11 06:54:34,2.83
2025-12-11 06:54:47,1.11
2025-12-11 06:55:02,1.42
2025-12-11 06:55:12,1.02
2025-12-11 06:55:41,5.17
2025-12-11 06:55:55,1.21
2025-12-11 06:57:49,6114.72
2025-12-11 06:58:12,2.35
2025-12-11 06:59:00,27.13
2025-12-11 06:59:23,2.04
2025-12-11 06:59:32,1.00
2025-12-11 06:59:45,1.23
2025-12-11 07:00:02,1.72
2025-12-11 07:00:35,5.83
2025-12-11 07:00:53,1.69
2025-12-11 07:01:14,2.48
2025-12-11 07:01:49,7.98
2025-12-11 07:02:19,4.47
2025-12-11 07:02:39,2.03
2025-12-11 07:02:52,1.21
2025-12-11 07:03:04,1.01
2025-12-11 07:03:31,3.93
2025-12-11 07:03:45,1.06
2025-12-11 07:04:10,3.69
2025-12-11 07:04:40,5.16
2025-12-11 07:05:07,2.89
2025-12-11 07:05:22,1.38
2025-12-11 07:05:45,3.11
2025-12-11 07:06:07,2.46
2025-12-11 07:06:29,1.62
2025-12-11 07:07:00,4.57
2025-12-11 07:07:20,1.59
2025-12-11 07:07:37,1.73
2025-12-11 07:07:57,2.18
2025-12-11 07:08:18,2.73
2025-12-11 07:08:33,1.14
2025-12-11 07:09:04,5.96
2025-12-11 07:09:21,1.65
2025-12-11 07:09:51,4.98
2025-12-11 07:10:17,3.08
2025-12-11 07:10:51,6.80
2025-12-11 07:11:06,1.39
2025-12-11 07:11:21,1.00
2025-12-11 07:11:41,1.68
2025-12-11 07:12:20,9.35
2025-12-11 07:12:38,1.61
2025-12-11 07:13:09,5.46
2025-12-11 07:13:25,1.22
2025-12-11 07:15:05,1762.50
2025-12-11 07:15:22,1.44
2025-12-11 07:15:36,1.04
2025-12-11 07:15:53,1.55
2025-12-11 07:16:12,2.26
2025-12-11 07:16:31,1.70
2025-12-11 07:16:44,1.12
2025-12-11 07:16:53,1.00
2025-12-11 07:17:14,2.59
2025-12-11 07:17:44,4.76
2025-12-11 07:17:58,1.09
2025-12-11 07:18:11,1.23
2025-12-11 07:18:26,1.38
2025-12-11 07:18:51,3.51
2025-12-11 07:19:34,14.62
2025-12-11 07:20:01,3.05
2025-12-11 07:20:16,1.47
2025-12-11 07:20:31,1.40
2025-12-11 07:20:57,3.99
2025-12-11 07:21:11,1.13
2025-12-11 07:21:33,2.90
2025-12-11 07:21:54,2.42
2025-12-11 07:22:13,1.68
2025-12-11 07:22:44,6.00
2025-12-11 07:22:59,1.22
2025-12-11 07:23:27,3.67
2025-12-11 07:23:55,3.86
2025-12-11 07:24:16,2.13
2025-12-11 07:24:50,7.26
2025-12-11 07:25:36,19.50
2025-12-11 07:25:57,1.97
2025-12-11 07:26:16,1.93
2025-12-11 07:26:26,1.00
2025-12-11 07:26:40,1.31
2025-12-11 07:27:17,9.01
2025-12-11 07:27:33,1.38
2025-12-11 07:27:50,1.77
2025-12-11 07:28:03,1.25
2025-12-11 07:28:19,1.32
2025-12-11 07:28:46,4.28
2025-12-11 07:29:03,1.38
2025-12-11 07:29:20,1.61
2025-12-11 07:29:37,1.60
2025-12-11 07:29:53,1.33
2025-12-11 07:30:11,1.69
2025-12-11 07:30:40,4.91
2025-12-11 07:30:58,1.58
2025-12-11 07:31:10,1.06
2025-12-11 07:31:20,1.07
2025-12-11 07:31:58,9.21
2025-12-11 07:32:16,1.75
2025-12-11 07:32:54,10.06
2025-12-11 07:33:14,1.96
2025-12-11 07:33:32,1.85
2025-12-11 07:34:04,5.63
2025-12-11 07:34:18,1.31
2025-12-11 07:34:59,12.53
2025-12-11 07:35:17,1.85
2025-12-11 07:35:30,1.24
2025-12-11 07:35:59,4.61
2025-12-11 07:36:11,1.00
2025-12-11 07:36:33,1.56
2025-12-11 07:36:46,1.37
2025-12-11 07:37:17,5.65
2025-12-11 07:37:36,1.98
2025-12-11 07:38:26,29.87
2025-12-11 07:38:41,1.05
2025-12-11 07:38:53,1.12
2025-12-11 07:39:08,1.60
2025-12-11 07:39:25,1.64
2025-12-11 07:39:39,1.32
2025-12-11 07:39:59,2.18
2025-12-11 07:40:21,2.27
2025-12-11 07:40:33,1.14
2025-12-11 07:40:55,1.08
2025-12-11 07:41:34,11.21
2025-12-11 07:41:48,1.27
2025-12-11 07:41:59,1.06
2025-12-11 07:42:33,6.99
2025-12-11 07:42:54,2.47
2025-12-11 07:43:06,1.11
2025-12-11 07:43:18,1.01
2025-12-11 07:44:52,1130.68
2025-12-11 07:45:16,2.11
2025-12-11 07:45:44,3.62
2025-12-11 07:45:59,1.52
2025-12-11 07:46:43,4.20
2025-12-11 07:46:59,1.47
2025-12-11 07:47:15,1.32
2025-12-11 07:47:32,1.55
2025-12-11 07:48:05,7.20
2025-12-11 07:48:31,3.32
2025-12-11 07:48:52,2.20
2025-12-11 07:49:59,114.22
2025-12-11 07:50:21,2.62
2025-12-11 07:50:38,1.76
2025-12-11 07:50:54,1.37
2025-12-11 07:51:33,11.42
2025-12-11 07:51:48,1.26
2025-12-11 07:52:06,1.52
2025-12-11 07:52:23,1.89
2025-12-11 07:52:38,1.27
2025-12-11 07:53:02,3.26
2025-12-11 07:53:17,1.32
2025-12-11 07:53:45,4.94
2025-12-11 07:54:01,1.45
2025-12-11 07:54:19,1.84
2025-12-11 07:55:22,81.32
2025-12-11 07:55:46,2.79
2025-12-11 07:56:18,6.26
2025-12-11 07:56:36,1.40
2025-12-11 07:56:46,1.00
2025-12-11 07:57:03,1.63
2025-12-11 07:57:25,2.35
2025-12-11 07:57:45,2.31
2025-12-11 07:57:58,1.15
2025-12-11 07:58:12,1.16
2025-12-11 07:58:23,1.07
2025-12-11 07:58:40,1.57
2025-12-11 07:59:02,2.92
2025-12-11 07:59:31,4.05
2025-12-11 08:00:10,11.67
2025-12-11 08:00:27,1.44
2025-12-11 08:00:55,4.69
2025-12-11 08:01:15,1.98
2025-12-11 08:01:28,1.08
2025-12-11 08:01:46,2.00
2025-12-11 08:01:59,1.25
2025-12-11 08:02:16,1.63
2025-12-11 08:02:42,3.74
2025-12-11 08:02:56,1.27
2025-12-11 08:03:38,15.43
2025-12-11 08:03:59,2.20
2025-12-11 08:04:12,1.30
2025-12-11 08:04:32,2.10
2025-12-11 08:05:17,19.40
2025-12-11 08:05:39,2.23
2025-12-11 08:05:53,1.29
2025-12-11 08:06:08,1.44
2025-12-11 08:06:36,4.10
2025-12-11 08:06:49,1.04
2025-12-11 08:07:23,7.46
2025-12-11 08:07:42,1.94
2025-12-11 08:07:54,1.17
2025-12-11 08:08:05,1.04
2025-12-11 08:08:36,5.79
2025-12-11 08:08:59,2.70
2025-12-11 08:09:14,1.40
2025-12-11 08:09:27,1.33
2025-12-11 08:10:17,25.43
2025-12-11 08:10:39,2.38
2025-12-11 08:11:13,7.76
2025-12-11 08:11:38,2.67
2025-12-11 08:11:54,1.58
2025-12-11 08:12:23,4.79
2025-12-11 08:12:54,5.17
2025-12-11 08:13:17,2.39
2025-12-11 08:14:05,23.43
2025-12-11 08:15:42,1308.35
2025-12-11 08:15:56,1.17
2025-12-11 08:16:12,1.54
2025-12-11 08:16:37,3.10
2025-12-11 08:16:53,1.43
2025-12-11 08:17:39,20.01
2025-12-11 08:18:04,2.99
2025-12-11 08:18:44,12.60
2025-12-11 08:19:06,2.30
2025-12-11 08:19:22,1.26
2025-12-11 08:19:49,4.14
2025-12-11 08:20:11,2.09
2025-12-11 08:20:34,3.14
2025-12-11 08:21:01,3.48
2025-12-11 08:21:41,10.62
2025-12-11 08:21:56,1.13
2025-12-11 08:22:07,1.08
2025-12-11 08:22:19,1.05
2025-12-11 08:22:30,1.09
2025-12-11 08:23:18,21.92
2025-12-11 08:24:03,16.56
2025-12-11 08:24:18,1.19
2025-12-11 08:24:42,3.03
2025-12-11 08:24:57,1.31
2025-12-11 08:25:14,1.45
2025-12-11 08:25:32,1.70
2025-12-11 08:25:55,3.17
2025-12-11 08:26:34,8.80
2025-12-11 08:27:15,12.24
2025-12-11 08:27:59,15.46
2025-12-11 08:28:17,1.53
2025-12-11 08:28:34,1.80
2025-12-11 08:28:53,1.60
2025-12-11 08:29:06,1.00
2025-12-11 08:29:21,1.49
2025-12-11 08:29:34,1.10
2025-12-11 08:29:55,2.27
2025-12-11 08:30:26,5.17
2025-12-11 08:30:47,1.72
2025-12-11 08:30:59,1.22
2025-12-11 08:31:10,1.00
2025-12-11 08:31:29,2.12
2025-12-11 08:32:03,6.34
2025-12-11 08:33:04,59.28
2025-12-11 08:33:23,1.55
2025-12-11 08:33:39,1.57
2025-12-11 08:34:08,4.13
2025-12-11 08:34:31,2.64
2025-12-11 08:34:52,2.35
2025-12-11 08:35:26,6.27
2025-12-11 08:35:53,3.60
2025-12-11 08:36:19,3.77
2025-12-11 08:36:33,1.02
2025-12-11 08:36:55,2.63
2025-12-11 08:37:10,1.14
2025-12-11 08:37:51,10.51
2025-12-11 08:38:08,1.40
2025-12-11 08:38:26,1.72
2025-12-11 08:38:51,3.17
2025-12-11 08:39:03,1.01
2025-12-11 08:39:20,1.50
2025-12-11 08:39:40,2.02
2025-12-11 08:40:23,17.15
2025-12-11 08:40:42,1.74
2025-12-11 08:41:26,15.38
2025-12-11 08:41:49,2.58
2025-12-11 08:42:01,1.07
2025-12-11 08:42:29,4.24
2025-12-11 08:42:41,1.00
2025-12-11 08:42:55,1.19
2025-12-11 08:43:16,2.19
2025-12-11 08:43:34,1.56
2025-12-11 08:43:54,2.09
2025-12-11 08:44:13,1.91
2025-12-11 08:44:26,1.11
2025-12-11 08:44:53,4.03
2025-12-11 08:45:10,1.41
2025-12-11 08:45:28,1.90
2025-12-11 08:45:41,1.10
2025-12-11 08:45:53,1.04
2025-12-11 08:46:11,1.75
2025-12-11 08:46:22,1.00
2025-12-11 08:46:33,1.05
2025-12-11 08:47:07,7.64
2025-12-11 08:47:24,1.60
2025-12-11 08:47:37,1.27
2025-12-11 08:47:51,1.36
2025-12-11 08:48:12,2.02
2025-12-11 08:48:29,1.72
2025-12-11 08:49:04,9.24
2025-12-11 08:49:20,1.52
2025-12-11 08:49:37,1.61
2025-12-11 08:50:03,3.60
2025-12-11 08:50:36,6.49
2025-12-11 08:50:52,1.48
2025-12-11 08:51:14,2.08
2025-12-11 08:51:57,18.30
2025-12-11 08:52:19,2.10
2025-12-11 08:53:01,13.81
2025-12-11 08:53:14,1.00
2025-12-11 08:54:01,23.69
2025-12-11 08:54:28,3.47
2025-12-11 08:54:51,2.29
2025-12-11 08:55:03,1.10
2025-12-11 08:55:19,1.37
2025-12-11 08:56:46,626.26
2025-12-11 08:57:00,1.10
2025-12-11 08:57:20,2.02
2025-12-11 08:57:37,1.52
2025-12-11 08:57:49,1.02
2025-12-11 08:58:05,1.40
2025-12-11 08:58:27,2.63
2025-12-11 08:58:47,2.25
2025-12-11 08:59:00,1.10
2025-12-11 08:59:21,2.51
2025-12-11 08:59:56,8.30
2025-12-11 09:00:23,3.78
2025-12-11 09:00:50,3.41
2025-12-11 09:01:43,35.99
2025-12-11 09:02:10,3.28
2025-12-11 09:02:28,1.28
2025-12-11 09:02:43,1.44
2025-12-11 09:02:56,1.39
2025-12-11 09:03:11,1.35
2025-12-11 09:03:26,1.42
2025-12-11 09:03:44,1.69
2025-12-11 09:03:56,1.10
2025-12-11 09:04:15,1.87
2025-12-11 09:04:29,1.12
2025-12-11 09:04:43,1.41
2025-12-11 09:05:20,9.68
2025-12-11 09:05:49,4.40
2025-12-11 09:06:04,1.31
2025-12-11 09:06:20,1.55
2025-12-11 09:06:33,1.19
2025-12-11 09:06:48,1.33
2025-12-11 09:07:17,4.70
2025-12-11 09:07:53,8.80
2025-12-11 09:08:18,2.81
2025-12-11 09:08:40,2.11
2025-12-11 09:09:27,19.75
2025-12-11 09:09:50,2.52
2025-12-11 09:10:02,1.17
2025-12-11 09:10:42,10.90
2025-12-11 09:11:00,1.58
2025-12-11 09:11:21,2.64
2025-12-11 09:11:33,1.07
2025-12-11 09:11:50,1.54
2025-12-11 09:12:15,3.07
2025-12-11 09:12:37,2.41
2025-12-11 09:12:56,2.04
2025-12-11 09:13:13,1.56
2025-12-11 09:13:23,1.00
2025-12-11 09:13:36,1.10
2025-12-11 09:13:47,1.06
2025-12-11 09:14:03,1.57
2025-12-11 09:14:37,7.58
2025-12-11 09:15:33,45.03
2025-12-11 09:16:05,5.31
2025-12-11 09:16:19,1.06
2025-12-11 09:16:33,1.45
2025-12-11 09:16:55,2.60
2025-12-11 09:17:13,1.60
2025-12-11 09:18:10,55.09
2025-12-11 09:18:34,2.60
2025-12-11 09:18:46,1.05
2025-12-11 09:19:02,1.52
2025-12-11 09:19:34,6.46
2025-12-11 09:19:50,1.27
2025-12-11 09:20:07,1.55
2025-12-11 09:20:19,1.13
2025-12-11 09:20:36,1.58
2025-12-11 09:21:26,27.01
2025-12-11 09:21:54,3.70
2025-12-11 09:22:20,3.43
2025-12-11 09:22:47,3.84
2025-12-11 09:22:59,1.00
2025-12-11 09:23:19,2.19
2025-12-11 09:24:11,29.53
2025-12-11 09:24:28,1.31
2025-12-11 09:24:39,1.03
2025-12-11 09:24:51,1.19
2025-12-11 09:25:07,1.37
2025-12-11 09:25:36,4.42
2025-12-11 09:25:54,1.66
2025-12-11 09:26:15,2.30
2025-12-11 09:26:48,7.15
2025-12-11 09:27:15,3.53
2025-12-11 09:27:36,2.07
2025-12-11 09:27:50,1.46
2025-12-11 09:28:24,6.89
2025-12-11 09:28:50,2.94
2025-12-11 09:29:04,1.38
2025-12-11 09:29:32,3.26
2025-12-11 09:29:49,1.43
2025-12-11 09:30:05,1.65
2025-12-11 09:30:29,2.91
2025-12-11 09:30:43,1.14
2025-12-11 09:31:02,2.23
2025-12-11 09:31:15,1.00
2025-12-11 09:31:29,1.27
2025-12-11 09:31:56,4.20
2025-12-11 09:32:25,3.83
2025-12-11 09:32:48,2.61
2025-12-11 09:33:01,1.09
2025-12-11 09:33:47,18.10
2025-12-11 09:34:26,11.89
2025-12-11 09:34:49,2.28
2025-12-11 09:35:07,1.68
2025-12-11 09:35:26,1.81
2025-12-11 09:35:37,1.00
2025-12-11 09:36:00,2.93
2025-12-11 09:36:17,1.43
2025-12-11 09:36:32,1.49
2025-12-11 09:37:09,10.11
2025-12-11 09:37:24,1.25
2025-12-11 09:37:51,4.09
2025-12-11 09:38:07,1.46
2025-12-11 09:38:21,1.18
2025-12-11 09:38:57,8.85
2025-12-11 09:39:14,1.54
2025-12-11 09:39:57,16.22
2025-12-11 09:40:13,1.24
2025-12-11 09:40:36,2.71
2025-12-11 09:40:57,2.40
2025-12-11 09:41:19,2.38
2025-12-11 09:41:57,9.78
2025-12-11 09:42:11,1.20
2025-12-11 09:42:36,3.06
2025-12-11 09:42:52,1.45
2025-12-11 09:44:39,3438.07
2025-12-11 09:45:04,2.33
2025-12-11 09:46:01,51.54
2025-12-11 09:46:16,1.28
2025-12-11 09:46:40,3.03
2025-12-11 09:46:53,1.09
2025-12-11 09:47:22,5.02
2025-12-11 09:47:42,2.15
2025-12-11 09:48:02,2.06
2025-12-11 09:48:18,1.26
2025-12-11 09:48:34,1.68
2025-12-11 09:48:49,1.42
2025-12-11 09:49:32,15.94
2025-12-11 09:49:48,1.22
2025-12-11 09:50:06,1.66
2025-12-11 09:50:59,33.48
2025-12-11 09:51:30,4.65
2025-12-11 09:51:43,1.18
2025-12-11 09:52:01,1.84
2025-12-11 09:52:13,1.00
2025-12-11 09:52:40,3.70
2025-12-11 09:52:53,1.09
2025-12-11 09:53:12,2.00
2025-12-11 09:53:29,1.51
2025-12-11 09:53:48,2.15
2025-12-11 09:54:00,1.05
2025-12-11 09:54:17,1.61
2025-12-11 09:54:36,2.05
2025-12-11 09:54:54,1.69
2025-12-11 09:55:06,1.18
2025-12-11 09:55:25,1.81
2025-12-11 09:55:37,1.06
2025-12-11 09:55:54,1.78
2025-12-11 09:56:38,15.88
2025-12-11 09:56:50,1.00
2025-12-11 09:57:01,1.08
2025-12-11 09:57:31,5.32
2025-12-11 09:57:47,1.44
2025-12-11 09:58:14,4.06
2025-12-11 09:58:34,2.00
2025-12-11 09:59:07,6.25
2025-12-11 09:59:22,1.07
2025-12-11 09:59:48,3.51
2025-12-11 10:00:03,1.16
2025-12-11 10:00:30,1.40
2025-12-11 10:00:51,2.48
2025-12-11 10:01:05,1.11
2025-12-11 10:01:19,1.38
2025-12-11 10:01:46,4.28
2025-12-11 10:02:25,10.79
2025-12-11 10:02:41,1.36
2025-12-11 10:02:54,1.22
2025-12-11 10:03:14,2.25
2025-12-11 10:03:33,1.92
2025-12-11 10:03:53,2.10
2025-12-11 10:04:17,3.09
2025-12-11 10:04:30,1.28
2025-12-11 10:05:11,12.52
2025-12-11 10:05:33,2.31
2025-12-11 10:05:59,3.53
2025-12-11 10:06:20,2.00
2025-12-11 10:06:32,1.10
2025-12-11 10:06:53,2.24
2025-12-11 10:07:09,1.58
2025-12-11 10:07:23,1.38
2025-12-11 10:07:47,3.07
2025-12-11 10:08:20,6.83
2025-12-11 10:08:42,2.11
2025-12-11 10:09:45,85.75
2025-12-11 10:09:59,1.15
2025-12-11 10:10:18,2.06
2025-12-11 10:10:30,1.17
2025-12-11 10:59:11,1.79
2025-12-11 10:59:42,5.47
2025-12-11 11:00:04,2.19
2025-12-11 11:00:17,1.04
2025-12-11 11:00:40,2.56
2025-12-11 11:00:56,1.33
2025-12-11 11:01:14,1.49
2025-12-11 11:01:30,1.16
2025-12-11 11:01:41,1.00
2025-12-11 11:02:08,1.44
2025-12-11 11:02:56,25.12
2025-12-11 11:03:19,2.43
2025-12-11 11:03:31,1.00
2025-12-11 11:04:28,46.48
2025-12-11 11:04:41,1.03
2025-12-11 11:04:56,1.29
2025-12-11 11:05:19,2.74
2025-12-11 11:05:31,1.02
2025-12-11 11:05:50,2.01
2025-12-11 11:06:42,33.69
2025-12-11 11:07:05,2.73
2025-12-11 11:07:27,2.62
2025-12-11 11:08:01,6.34
2025-12-11 11:08:16,1.28
2025-12-11 11:08:39,2.57
2025-12-11 11:08:54,1.33
2025-12-11 11:09:26,6.62
2025-12-11 11:09:48,2.03
2025-12-11 11:10:09,2.47
2025-12-11 11:10:55,15.29
2025-12-11 11:11:10,1.16
2025-12-11 11:11:20,1.00
2025-12-11 11:11:38,1.73
2025-12-11 11:11:55,1.36
2025-12-11 11:12:28,6.22
2025-12-11 11:13:04,6.75
2025-12-11 11:13:48,15.51
2025-12-11 11:14:14,2.86
2025-12-11 11:14:35,1.82
2025-12-11 11:14:57,2.47
2025-12-11 11:15:35,8.66
2025-12-11 11:15:54,1.33
2025-12-11 11:16:06,1.00
2025-12-11 11:16:27,2.14
2025-12-11 11:16:59,5.84
2025-12-11 11:17:22,2.58
2025-12-11 11:17:41,1.53
2025-12-11 11:18:03,2.42
2025-12-11 11:18:19,1.36
2025-12-11 11:18:30,1.05
2025-12-11 11:18:42,1.09
2025-12-11 11:18:57,1.36
2025-12-11 11:19:14,1.70
2025-12-11 11:19:32,1.59
2025-12-11 11:19:56,2.99
2025-12-11 11:20:22,3.55
2025-12-11 11:20:46,2.46
2025-12-11 11:21:03,1.60
2025-12-11 11:21:44,12.43
2025-12-11 11:22:00,1.34
2025-12-11 11:22:13,1.17
2025-12-11 11:22:31,1.59
2025-12-11 11:22:50,2.12
2025-12-11 11:23:15,3.59
2025-12-11 11:23:29,1.14
2025-12-11 11:23:42,1.15
2025-12-11 11:24:08,3.72
2025-12-11 11:24:23,1.25
2025-12-11 11:24:42,2.24
2025-12-11 11:25:04,2.17
2025-12-11 11:26:32,605.03
2025-12-11 11:26:46,1.04
2025-12-11 11:27:00,1.39
2025-12-11 11:27:23,2.37
2025-12-11 11:27:35,1.16
2025-12-11 11:27:45,1.00
2025-12-11 11:28:08,2.72
2025-12-11 11:28:52,16.54
2025-12-11 11:29:13,2.04
2025-12-11 11:29:24,1.02
2025-12-11 11:29:42,1.57
2025-12-11 11:30:42,66.51
2025-12-11 11:31:04,2.42
2025-12-11 11:31:17,1.22
2025-12-11 11:31:35,1.72
2025-12-11 11:31:53,1.66
2025-12-11 11:36:28,5.55
2025-12-11 11:36:48,2.53
2025-12-11 11:37:07,1.99
2025-12-11 11:37:23,1.57
2025-12-11 11:37:47,2.94
2025-12-11 11:38:05,1.44
2025-12-11 11:38:19,1.18
2025-12-11 11:38:41,2.31
2025-12-11 11:39:00,1.83
2025-12-11 11:39:11,1.01
2025-12-11 11:39:59,9.52
2025-12-11 11:40:26,3.26
2025-12-11 11:40:43,1.60
2025-12-11 11:41:10,3.08
2025-12-11 11:41:23,1.04
2025-12-11 11:41:35,1.03
2025-12-11 11:41:55,2.53
2025-12-11 11:42:45,20.76
2025-12-11 11:43:12,3.47
2025-12-11 11:43:31,1.66
2025-12-11 11:43:47,1.35
2025-12-11 11:43:59,1.03
2025-12-11 11:44:26,4.53
2025-12-11 11:45:05,9.18
2025-12-11 11:45:31,3.12
2025-12-11 11:46:15,16.10
2025-12-11 11:46:37,2.29
2025-12-11 11:46:49,1.00
2025-12-11 11:47:03,1.37
2025-12-11 11:47:21,1.80
2025-12-11 11:47:57,7.79
2025-12-11 11:48:29,5.49
2025-12-11 11:48:50,1.62
2025-12-11 11:49:03,1.23
2025-12-11 11:49:17,1.24
2025-12-11 11:49:34,1.59
2025-12-11 11:49:48,1.16
2025-12-11 11:50:12,2.97
2025-12-11 11:50:32,1.89
2025-12-11 11:51:05,6.79
2025-12-11 11:51:22,1.40
2025-12-11 11:52:13,28.81
2025-12-11 11:54:12,2.39
2025-12-11 11:54:24,1.17
2025-12-11 11:54:59,7.26
2025-12-11 11:55:20,1.93
2025-12-11 11:55:39,1.82
2025-12-11 11:55:54,1.03
2025-12-11 11:56:17,2.14
2025-12-11 11:56:37,1.93
2025-12-11 11:56:49,1.08
2025-12-11 11:57:01,1.16
2025-12-11 11:57:15,1.38
2025-12-11 11:57:41,3.15
2025-12-11 11:57:53,1.17
2025-12-11 11:58:08,1.44
2025-12-11 11:58:29,2.41
2025-12-11 11:58:41,1.00
2025-12-11 11:58:56,1.44
2025-12-11 11:59:11,1.62
2025-12-11 11:59:24,1.02
2025-12-11 11:59:36,1.03
2025-12-11 11:59:55,2.14
2025-12-11 12:00:30,7.56
2025-12-11 12:00:47,1.58
2025-12-11 12:01:04,1.86
2025-12-11 12:01:20,1.58
2025-12-11 12:01:38,1.71
2025-12-11 12:02:09,5.82
2025-12-11 12:02:22,1.09
2025-12-11 12:02:45,2.90
2025-12-11 12:03:02,1.72
2025-12-11 12:03:23,2.04
2025-12-11 12:03:35,1.03
2025-12-11 12:03:49,1.53
2025-12-11 12:04:08,1.72
2025-12-11 12:04:37,4.78
2025-12-11 12:04:52,1.26
2025-12-11 12:05:05,1.07
2025-12-11 12:05:33,4.24
2025-12-11 12:05:59,3.46
2025-12-11 12:06:13,1.27
2025-12-11 12:06:40,3.94
2025-12-11 12:17:20,2.75
2025-12-11 12:17:33,1.87
2025-12-11 12:17:50,1.69
2025-12-11 12:18:20,4.99
2025-12-11 12:18:43,1.74
2025-12-11 12:19:03,1.91
2025-12-11 12:19:17,1.13
2025-12-11 12:19:41,2.99
2025-12-11 12:20:02,1.95
2025-12-11 12:20:30,4.79
2025-12-11 12:20:53,2.41
2025-12-11 12:21:25,6.00
2025-12-11 12:22:14,20.96
2025-12-11 12:23:12,49.89
2025-12-11 12:23:45,5.19
2025-12-11 12:24:03,1.65
2025-12-11 12:24:52,25.73
2025-12-11 12:25:14,2.10
2025-12-11 12:25:29,1.13
2025-12-11 12:26:07,10.41
2025-12-11 12:26:22,1.00
2025-12-11 12:26:35,1.02
2025-12-11 12:27:00,3.30
2025-12-11 12:27:14,1.04
2025-12-11 12:27:44,5.75
2025-12-11 12:28:29,15.54
2025-12-11 12:28:59,4.21
2025-12-11 12:29:14,1.02
2025-12-11 12:29:36,2.72
2025-12-11 12:29:51,1.20
2025-12-11 12:30:09,1.17
2025-12-11 12:30:22,1.23
2025-12-11 12:31:07,15.61
2025-12-11 12:31:20,1.08
2025-12-11 12:31:32,1.07
2025-12-11 12:31:45,1.02
2025-12-11 12:31:58,1.03
2025-12-11 12:32:20,1.97
2025-12-11 12:32:31,1.00
2025-12-11 12:32:48,1.64
2025-12-11 12:33:13,3.72
2025-12-11 12:33:57,15.69
2025-12-11 12:34:26,4.10
2025-12-11 12:34:57,4.70
2025-12-11 12:35:12,1.13
2025-12-11 12:35:29,1.71
2025-12-11 12:35:50,2.40
2025-12-11 12:36:05,1.06
2025-12-11 12:36:29,2.58
2025-12-11 12:36:56,4.47
2025-12-11 12:37:09,1.01
2025-12-11 12:37:23,1.33
2025-12-11 12:37:54,1.42
2025-12-11 12:38:09,1.51
2025-12-11 12:38:22,1.05
2025-12-11 12:38:37,1.58
2025-12-11 12:38:52,1.30
2025-12-11 12:39:06,1.26
2025-12-11 12:39:29,3.19
2025-12-11 12:39:48,1.64
2025-12-11 12:40:12,3.17
2025-12-11 12:40:32,2.01
2025-12-11 12:40:43,1.04
2025-12-11 12:40:56,1.16
2025-12-11 12:41:23,3.90
2025-12-11 12:41:43,1.78
2025-12-11 12:42:16,6.64
2025-12-11 12:42:28,1.03
2025-12-11 12:42:46,1.77
2025-12-11 12:43:07,1.96
2025-12-11 12:43:17,1.04
2025-12-11 12:43:28,1.02
2025-12-11 12:43:51,3.12
2025-12-11 12:44:08,1.44
2025-12-11 12:44:24,1.53
2025-12-11 12:45:00,9.17
2025-12-11 12:45:19,1.71
2025-12-11 12:45:49,5.63
2025-12-11 12:46:14,2.95
2025-12-11 12:46:30,1.43
2025-12-11 12:46:43,1.11
2025-12-11 12:47:19,9.34
2025-12-11 12:47:40,1.99
2025-12-11 12:48:04,3.28
2025-12-11 12:48:59,36.88
2025-12-11 12:49:20,2.05
2025-12-11 12:49:53,6.88
2025-12-11 12:50:19,3.05
2025-12-11 12:50:48,4.65
2025-12-11 12:51:23,7.15
2025-12-11 12:51:38,1.18
2025-12-11 12:51:51,1.11
2025-12-11 12:52:44,39.75
2025-12-11 12:53:02,1.55
2025-12-11 12:53:54,30.29
2025-12-11 12:54:23,4.09
2025-12-11 12:54:35,1.07
2025-12-11 12:54:53,1.34
2025-12-11 12:55:09,1.35
2025-12-11 12:55:25,1.34
2025-12-11 12:55:41,1.47
2025-12-11 12:55:54,1.11
2025-12-11 12:56:11,1.48
2025-12-11 12:56:58,23.88
2025-12-11 12:57:39,11.63
2025-12-11 12:58:12,5.12
2025-12-11 12:58:25,1.14
2025-12-11 12:58:46,1.91
2025-12-11 12:59:04,1.92
2025-12-11 12:59:22,1.69
2025-12-11 12:59:53,5.73
2025-12-11 13:00:15,1.99
2025-12-11 13:00:33,1.69
2025-12-11 13:00:51,1.56
2025-12-11 13:01:33,13.62
2025-12-11 13:02:01,4.06
2025-12-11 13:02:22,2.05
2025-12-11 13:02:39,1.71
2025-12-11 13:02:55,1.57
2025-12-11 13:03:10,1.13
2025-12-11 13:03:25,1.41
2025-12-11 13:03:37,1.02
2025-12-11 13:03:50,1.23
2025-12-11 13:04:06,1.57
2025-12-11 13:04:24,1.68
2025-12-11 13:04:46,2.05
2025-12-11 13:05:03,1.57
2025-12-11 13:05:17,1.29
2025-12-11 13:05:51,7.31
2025-12-11 13:06:23,5.91
2025-12-11 13:06:42,1.90
2025-12-11 13:07:00,1.70
2025-12-11 13:07:17,1.74
2025-12-11 13:07:34,1.51
2025-12-11 13:07:45,1.24
2025-12-11 13:07:59,1.25
2025-12-11 13:08:21,2.59
2025-12-11 13:08:52,5.03
2025-12-11 13:09:08,1.44
2025-12-11 13:09:23,1.41
2025-12-11 13:09:49,4.17
2025-12-11 13:11:38,2756.60
2025-12-11 13:11:53,1.05
2025-12-11 13:12:24,6.46
2025-12-11 13:12:42,1.47
2025-12-11 13:13:17,7.31
2025-12-11 13:13:45,3.95
2025-12-11 13:14:08,2.50
2025-12-11 13:14:23,1.24
2025-12-11 13:14:36,1.23
2025-12-11 13:14:57,2.04
2025-12-11 13:15:27,4.76
2025-12-11 13:15:50,2.49
2025-12-11 13:16:14,2.99
2025-12-11 13:16:36,2.31
2025-12-11 13:16:52,1.29
2025-12-11 13:17:10,1.97
2025-12-11 13:17:45,7.50
2025-12-11 13:18:01,1.26
2025-12-11 13:18:17,1.48
2025-12-11 13:18:36,1.77
2025-12-11 13:19:41,81.69
2025-12-11 13:19:58,1.54
2025-12-11 13:20:15,1.53
2025-12-11 13:20:28,1.07
2025-12-11 13:20:52,3.07
2025-12-11 13:21:13,2.00
2025-12-11 13:21:39,3.40
2025-12-11 13:21:57,1.61
2025-12-11 13:22:20,2.77
2025-12-11 13:22:50,4.84
2025-12-11 13:23:14,2.84
2025-12-11 13:23:52,8.38
2025-12-11 13:24:53,63.66
2025-12-11 13:25:10,1.34
2025-12-11 13:25:49,11.78
2025-12-11 13:26:09,1.93
2025-12-11 13:27:02,25.88
2025-12-11 13:27:24,2.08
2025-12-11 13:28:32,132.00
2025-12-11 13:29:03,4.22
2025-12-11 13:29:30,3.79
2025-12-11 13:29:52,1.61
2025-12-11 13:30:08,1.51
2025-12-11 13:30:37,4.42
2025-12-11 13:31:07,4.47
2025-12-11 13:32:08,54.13
2025-12-11 13:32:31,1.70
2025-12-11 13:32:45,1.04
2025-12-11 13:33:03,1.26
2025-12-11 13:33:20,1.54
2025-12-11 13:33:44,3.13
2025-12-11 13:34:11,3.11
2025-12-11 13:34:33,1.55
2025-12-11 13:35:17,17.07
2025-12-11 13:35:36,1.49
2025-12-11 13:35:51,1.27
2025-12-11 13:36:16,2.83
2025-12-11 13:36:35,1.61
2025-12-11 13:36:50,1.19
2025-12-11 13:37:15,3.56
2025-12-11 13:37:39,2.78
2025-12-11 13:37:59,1.92
2025-12-11 13:38:28,4.45
2025-12-11 13:38:51,2.78
2025-12-11 13:39:17,3.16
2025-12-11 13:39:59,12.35
2025-12-11 13:40:14,1.03
2025-12-11 13:40:26,1.00
2025-12-11 13:40:49,2.56
2025-12-11 13:41:10,2.45
2025-12-11 13:41:27,1.11
2025-12-11 13:41:37,1.00
2025-12-11 13:42:02,2.66
2025-12-11 13:42:24,2.09
2025-12-11 13:43:11,21.90
2025-12-11 13:43:35,2.29
2025-12-11 13:43:53,1.20
2025-12-11 13:44:07,1.35
2025-12-11 13:44:21,1.13
2025-12-11 13:44:37,1.70
2025-12-11 13:44:56,1.76
2025-12-11 13:45:19,2.61
2025-12-11 13:45:46,3.94
2025-12-11 13:46:03,1.32
2025-12-11 13:46:24,2.47
2025-12-11 13:46:40,1.32
2025-12-11 13:46:59,1.59
2025-12-11 13:47:24,3.08
2025-12-11 13:47:38,1.23
2025-12-11 13:47:51,1.26
2025-12-11 13:48:11,2.08
2025-12-11 13:48:29,1.54
2025-12-11 13:48:44,1.32
2025-12-11 13:49:12,5.12
2025-12-11 13:49:36,2.38
2025-12-11 13:50:01,3.29
2025-12-11 13:50:20,1.83
2025-12-11 13:50:38,1.59
2025-12-11 13:50:49,1.00
2025-12-11 13:51:09,2.09
2025-12-11 13:51:34,3.60
2025-12-11 13:51:56,2.04
2025-12-11 13:52:34,11.30
2025-12-11 13:52:57,2.13
2025-12-11 13:53:08,1.00
2025-12-11 13:53:19,1.03
2025-12-11 13:53:52,6.96
2025-12-11 13:54:21,4.14
2025-12-11 13:54:48,3.01
2025-12-11 13:55:04,1.65
2025-12-11 13:55:21,1.59
2025-12-11 13:55:32,1.05
2025-12-11 13:55:53,2.16
2025-12-11 13:56:26,5.44
2025-12-11 13:56:51,1.94
2025-12-11 13:57:09,1.88
2025-12-11 13:57:32,2.11
2025-12-11 13:57:46,1.19
2025-12-11 13:58:10,3.13
2025-12-11 13:58:40,5.01
2025-12-11 13:59:02,2.40
2025-12-11 13:59:14,1.00
2025-12-11 13:59:44,5.10
2025-12-11 14:00:06,2.21
2025-12-11 14:00:45,9.51
2025-12-11 14:01:06,2.07
2025-12-11 14:01:59,36.33
2025-12-11 14:02:15,1.19
2025-12-11 14:02:44,4.59
2025-12-11 14:03:06,1.92
2025-12-11 14:03:20,1.10
2025-12-11 14:03:34,1.22
2025-12-11 14:04:09,7.44
2025-12-11 14:04:25,1.19
2025-12-11 14:04:40,1.30
2025-12-11 14:04:53,1.10
2025-12-11 14:05:12,1.84
2025-12-11 14:05:27,1.38
2025-12-11 14:05:48,2.03
2025-12-11 14:06:33,18.14
2025-12-11 14:07:04,4.90
2025-12-11 14:07:26,2.06
2025-12-11 14:07:41,1.31
2025-12-11 14:07:56,1.56
2025-12-11 14:08:21,3.18
2025-12-11 14:08:42,2.19
2025-12-11 14:09:02,1.88
2025-12-11 14:09:24,2.81
2025-12-11 14:09:57,6.34
2025-12-11 14:10:34,7.16
2025-12-11 14:11:10,8.75
2025-12-11 14:11:26,1.20
2025-12-11 14:11:38,1.06
2025-12-11 14:11:59,2.54
2025-12-11 14:12:21,1.97
2025-12-11 14:12:35,1.29
2025-12-11 14:12:51,1.48
2025-12-11 14:13:04,1.17
2025-12-11 14:13:17,1.19
2025-12-11 14:14:07,27.12
2025-12-11 14:15:00,33.21
2025-12-11 14:15:35,6.88
2025-12-11 14:16:07,6.06
2025-12-11 14:16:46,8.36
2025-12-11 14:17:08,2.04
2025-12-11 14:17:31,2.77
2025-12-11 14:17:49,1.46
2025-12-11 14:18:15,3.60
2025-12-11 14:18:37,1.88
2025-12-11 14:19:13,9.56
2025-12-11 14:19:28,1.05
2025-12-11 14:19:49,2.48
2025-12-11 14:20:13,2.77
2025-12-11 14:20:35,2.16
2025-12-11 14:20:55,2.38
2025-12-11 14:21:14,1.34
2025-12-11 14:21:48,8.42
2025-12-11 14:22:20,5.03
2025-12-11 14:22:36,1.12
2025-12-11 14:22:56,1.96
2025-12-11 14:23:35,12.06
2025-12-11 14:23:56,1.53
2025-12-11 14:24:22,4.17
2025-12-11 14:24:54,5.03
2025-12-11 14:25:42,20.72
2025-12-11 14:25:57,1.13
2025-12-11 14:26:13,1.47
2025-12-11 14:26:30,1.59
2025-12-11 14:27:19,24.25
2025-12-11 14:27:36,1.04
2025-12-11 14:28:21,15.61
2025-12-11 14:28:41,1.57
2025-12-11 14:28:59,1.49
2025-12-11 14:29:19,2.06
2025-12-11 14:29:33,1.14
2025-12-11 14:29:55,2.25
2025-12-11 14:30:25,4.33
2025-12-11 14:30:39,1.14
2025-12-11 14:30:51,1.10
2025-12-11 14:31:04,1.01
2025-12-11 14:31:34,5.42
2025-12-11 14:31:56,1.83
2025-12-11 14:32:09,1.00
2025-12-11 14:32:28,1.90
2025-12-11 14:32:57,4.19
2025-12-11 14:33:26,3.84
2025-12-11 14:33:39,1.15
2025-12-11 14:33:57,1.68
2025-12-11 14:34:11,1.37
2025-12-11 14:34:23,1.03
2025-12-11 14:34:44,2.43
2025-12-11 14:34:59,1.35
2025-12-11 14:35:20,2.11
2025-12-11 14:35:47,3.68
2025-12-11 14:36:10,2.21
2025-12-11 14:36:31,2.44
2025-12-11 14:36:47,1.34
2025-12-11 14:37:00,1.16
2025-12-11 14:37:12,1.24
2025-12-11 14:37:39,4.31
2025-12-11 14:38:11,5.75
2025-12-11 14:38:25,1.21
2025-12-11 14:38:36,1.01
2025-12-11 14:38:48,1.00
2025-12-11 14:39:03,1.28
2025-12-11 14:39:47,17.53
2025-12-11 14:40:02,1.00
2025-12-11 14:40:20,1.76
2025-12-11 14:41:00,13.58
2025-12-11 14:41:26,2.63
2025-12-11 14:41:50,2.71
2025-12-11 14:42:09,1.77
2025-12-11 14:42:36,4.02
2025-12-11 14:43:38,70.73
2025-12-11 14:44:08,4.36
2025-12-11 14:44:47,9.30
2025-12-11 14:45:16,3.74
2025-12-11 14:45:42,3.24
2025-12-11 14:45:55,1.02
2025-12-11 14:46:18,2.81
2025-12-11 14:46:35,1.35
2025-12-11 14:47:08,6.99
2025-12-11 14:47:23,1.18
2025-12-11 14:48:36,188.39
2025-12-11 14:48:50,1.00
2025-12-11 14:49:07,1.28
2025-12-11 14:49:28,2.03
2025-12-11 14:49:38,1.01
2025-12-11 14:50:03,2.74
2025-12-11 14:50:23,1.85
2025-12-11 14:50:42,1.57
2025-12-11 16:54:27,1.34
2025-12-11 16:54:55,10.46
2025-12-11 16:55:23,3.70
2025-12-11 16:55:41,1.57
2025-12-11 16:56:03,2.56
2025-12-11 16:56:21,1.71
2025-12-11 16:56:48,3.94
2025-12-11 16:57:09,1.93
2025-12-11 16:57:59,32.27
2025-12-11 16:58:17,1.41
2025-12-11 16:58:57,10.60
2025-12-11 16:59:12,1.09
2025-12-11 16:59:36,2.57
2025-12-11 16:59:51,1.31
2025-12-11 17:00:06,1.24
2025-12-11 17:00:23,1.14
2025-12-11 17:01:02,3.93
2025-12-11 17:01:37,7.17
2025-12-11 17:02:01,2.85
2025-12-11 17:02:43,13.07
2025-12-11 17:03:03,1.65
2025-12-11 17:10:59,2.70
2025-12-11 17:11:40,987.32
2025-12-11 17:12:09,3.90
2025-12-11 17:12:38,4.30
2025-12-11 17:12:56,1.33
2025-12-11 17:13:09,1.06
2025-12-11 17:13:22,1.05
2025-12-11 17:13:49,4.17
2025-12-11 17:14:06,1.24
2025-12-11 17:14:27,2.13
2025-12-11 17:14:40,1.13
2025-12-11 17:14:58,1.54
2025-12-11 17:15:19,2.60
2025-12-11 17:16:09,26.85
2025-12-11 17:16:36,2.32
2025-12-11 17:16:51,1.17
2025-12-11 17:17:12,2.11
2025-12-11 17:18:03,29.94
2025-12-11 17:18:17,1.00
2025-12-11 17:18:34,1.32
2025-12-11 17:18:56,2.81
2025-12-11 17:19:31,7.51
2025-12-11 17:19:55,2.37
2025-12-11 17:20:09,1.16
2025-12-11 17:20:24,1.33
2025-12-11 17:20:46,2.84
2025-12-11 17:21:05,1.48
2025-12-11 17:21:18,1.08
2025-12-11 17:21:54,9.15
2025-12-11 17:22:23,3.72
2025-12-11 17:22:37,1.03
2025-12-11 17:22:49,1.12
2025-12-11 17:23:12,2.20
2025-12-11 17:23:26,1.25
2025-12-11 17:23:37,1.06
2025-12-11 17:23:49,1.09
2025-12-11 17:24:12,2.76
2025-12-11 17:24:38,3.53
2025-12-11 17:25:13,6.65
2025-12-11 17:25:34,2.28
2025-12-11 17:25:50,1.38
2025-12-11 17:26:11,2.37
2025-12-11 17:26:23,1.10
2025-12-11 17:26:38,1.22
2025-12-11 17:26:50,1.13
2025-12-11 17:27:05,1.38
2025-12-11 17:27:39,6.21
2025-12-11 17:27:55,1.29
2025-12-11 17:28:12,1.57
2025-12-11 17:28:44,6.36
2025-12-11 17:29:07,2.03
2025-12-11 17:29:26,2.27
2025-12-11 17:29:56,5.12
2025-12-11 17:30:25,3.86
2025-12-11 17:30:48,2.60
2025-12-11 17:31:09,2.16
2025-12-11 17:31:30,2.08
2025-12-11 17:31:52,1.93
2025-12-11 17:32:08,1.63
2025-12-11 17:32:23,1.03
2025-12-11 17:32:35,1.11
2025-12-11 17:32:51,1.67
2025-12-11 17:33:08,1.68
2025-12-11 17:33:33,3.50
2025-12-11 17:33:47,1.06
2025-12-11 17:34:01,1.37
2025-12-11 17:34:24,2.92
2025-12-11 17:34:58,6.88
2025-12-11 17:35:39,12.82
2025-12-11 17:35:56,1.28
2025-12-11 17:36:13,1.55
2025-12-11 17:36:27,1.39
2025-12-11 17:36:47,1.78
2025-12-11 17:37:17,4.79
2025-12-11 17:37:31,1.10
2025-12-11 17:37:51,1.88
2025-12-11 17:38:30,1.97
2025-12-11 17:38:56,3.14
2025-12-11 17:39:13,1.59
2025-12-11 17:39:40,3.44
2025-12-11 17:40:45,81.53
2025-12-11 17:41:05,1.79
2025-12-11 17:41:24,1.97
2025-12-11 17:41:43,1.74
2025-12-11 17:42:48,112.29
2025-12-11 17:43:05,1.11
2025-12-11 17:43:22,1.53
2025-12-11 17:43:41,1.89
2025-12-11 17:43:54,1.10
2025-12-11 17:44:29,8.18
2025-12-11 17:44:44,1.03
2025-12-11 17:44:59,1.50
2025-12-11 17:45:15,1.44
2025-12-11 17:45:49,7.21
2025-12-11 17:46:03,1.12
2025-12-11 17:46:16,1.25
2025-12-11 17:46:29,1.00
2025-12-11 17:46:58,4.37
2025-12-11 17:47:16,1.57
2025-12-11 17:47:35,2.22
2025-12-11 17:47:55,2.23
2025-12-11 17:48:18,2.46
2025-12-11 17:48:36,1.48
2025-12-11 17:48:51,1.42
2025-12-11 17:49:19,3.81
2025-12-11 17:49:37,1.75
2025-12-11 17:50:02,2.25
2025-12-11 17:50:30,4.14
2025-12-11 17:50:54,2.95
2025-12-11 17:51:48,35.78
2025-12-11 17:52:11,1.46
2025-12-11 17:52:35,3.39
2025-12-11 17:52:55,1.76
2025-12-11 17:53:09,1.15
2025-12-11 17:53:53,17.25
2025-12-11 17:54:09,1.43
2025-12-11 17:54:23,1.05
2025-12-11 17:54:47,3.15
2025-12-11 17:55:07,2.02
2025-12-11 17:55:46,11.26
2025-12-11 17:56:17,4.58
2025-12-11 17:57:03,12.55
2025-12-11 17:57:22,1.43
2025-12-11 17:58:03,14.79
2025-12-11 17:58:28,2.08
2025-12-11 17:58:46,1.79
2025-12-11 17:59:06,1.72
2025-12-11 17:59:19,1.03
2025-12-11 17:59:34,1.24
2025-12-11 17:59:48,1.32
2025-12-11 18:00:14,3.14
2025-12-11 18:00:55,12.47
2025-12-11 18:01:09,1.04
2025-12-11 18:01:52,14.93
2025-12-11 18:02:11,1.67
2025-12-11 18:02:25,1.04
2025-12-11 18:02:41,1.32
2025-12-11 18:02:59,1.74
2025-12-11 18:03:12,1.15
2025-12-11 18:03:34,2.15
2025-12-11 18:03:51,1.64
2025-12-11 18:04:07,1.61
2025-12-11 18:04:40,5.93
2025-12-11 18:04:58,1.61
2025-12-11 18:05:30,6.36
2025-12-11 18:06:05,7.01
2025-12-11 18:06:22,1.37
2025-12-11 18:06:50,4.11
2025-12-11 18:07:06,1.36
2025-12-11 18:07:27,2.25
2025-12-11 18:07:43,1.30
2025-12-11 18:08:02,1.96
2025-12-11 18:08:13,1.01
2025-12-11 18:08:29,1.58
2025-12-11 18:08:46,1.43
2025-12-11 18:09:17,6.43
2025-12-11 18:10:02,16.13
2025-12-11 18:10:22,1.08
2025-12-11 18:11:04,9.69
2025-12-11 18:11:37,5.58
2025-12-11 18:12:00,2.71
2025-12-11 18:12:38,8.66
2025-12-11 18:12:55,1.28
2025-12-11 18:13:34,12.26
2025-12-11 18:13:55,1.72
2025-12-11 18:14:27,5.86
2025-12-11 18:14:54,2.59
2025-12-11 18:15:13,1.52
2025-12-11 18:15:37,3.17
2025-12-11 18:15:52,1.13
2025-12-11 18:16:06,1.11
2025-12-11 18:16:19,1.16
2025-12-11 18:16:49,5.30
2025-12-11 18:17:12,2.26
2025-12-11 18:17:32,2.19
2025-12-11 18:17:51,1.72
2025-12-11 18:18:09,1.78
2025-12-11 18:18:25,1.42
2025-12-11 18:18:37,1.07
2025-12-11 18:18:50,1.16
2025-12-11 18:19:44,47.03
2025-12-11 18:20:08,2.08
2025-12-11 18:20:31,2.90
2025-12-11 18:20:48,1.20
2025-12-11 18:21:45,56.84
2025-12-11 18:22:06,1.30
2025-12-11 18:22:18,1.12
2025-12-11 18:22:53,7.50
2025-12-11 18:23:16,2.62
2025-12-11 18:23:37,2.21
2025-12-11 18:24:06,4.91
2025-12-11 18:24:22,1.27
2025-12-11 18:24:42,1.95
2025-12-11 18:24:58,1.17
2025-12-11 18:25:11,1.05
2025-12-11 18:25:24,1.21
2025-12-11 18:26:09,19.70
2025-12-11 18:26:23,1.08
2025-12-11 18:26:35,1.00
2025-12-11 18:26:57,2.58
2025-12-11 18:27:35,9.20
2025-12-11 18:28:16,12.11
2025-12-11 18:28:30,1.06
2025-12-11 18:28:48,1.64
2025-12-11 18:29:15,4.64
2025-12-11 18:30:07,28.85
2025-12-11 18:30:42,4.74
2025-12-11 18:31:01,1.33
2025-12-11 18:31:36,7.56
2025-12-11 18:31:53,1.07
2025-12-11 18:32:17,2.80
2025-12-11 18:32:29,1.06
2025-12-11 18:32:45,1.45
2025-12-11 18:33:24,10.30
2025-12-11 18:34:03,10.31
2025-12-11 18:34:27,2.22
2025-12-11 18:34:48,2.20
2025-12-11 18:35:10,2.24
2025-12-11 18:35:24,1.12
2025-12-11 18:35:44,2.42
2025-12-11 18:36:02,1.40
2025-12-11 18:36:16,1.23
2025-12-11 18:36:43,4.43
2025-12-11 18:37:04,1.72
2025-12-11 18:37:17,1.18
2025-12-11 18:37:33,1.37
2025-12-11 18:37:56,2.67
2025-12-11 18:38:11,1.10
2025-12-11 18:38:26,1.48
2025-12-11 18:39:06,11.23
2025-12-11 18:39:29,2.62
2025-12-11 18:39:57,3.63
2025-12-11 18:40:39,13.36
2025-12-11 18:40:58,1.49
2025-12-11 18:42:17,331.56
2025-12-11 18:42:38,2.11
2025-12-11 18:42:54,1.30
2025-12-11 18:43:09,1.41
2025-12-11 18:43:46,9.35
2025-12-11 18:44:21,5.02
2025-12-11 18:44:48,2.72
2025-12-11 18:45:24,7.61
2025-12-11 18:45:50,2.72
2025-12-11 18:46:10,1.95
2025-12-11 18:46:37,3.68
2025-12-11 18:46:52,1.05
2025-12-11 18:47:08,1.46
2025-12-11 18:47:26,1.63
2025-12-11 18:47:45,1.74
2025-12-11 18:48:01,1.12
2025-12-11 18:48:17,1.48
2025-12-11 18:48:28,1.00
2025-12-11 18:48:49,2.14
2025-12-11 18:49:12,2.51
2025-12-11 18:49:33,1.84
2025-12-11 18:49:53,2.27
2025-12-11 18:50:27,6.80
2025-12-11 18:50:53,3.13
2025-12-11 18:51:21,3.90
2025-12-11 18:51:47,2.81
2025-12-11 18:52:02,1.35
2025-12-11 18:52:27,2.41
2025-12-11 18:52:40,1.13
2025-12-11 18:52:56,1.63
2025-12-11 18:53:09,1.11
2025-12-11 18:53:26,1.55
2025-12-11 18:53:40,1.46
2025-12-11 18:53:59,1.98
2025-12-11 18:54:20,2.20
2025-12-11 18:54:45,3.52
2025-12-11 18:55:12,4.11
2025-12-11 18:55:26,1.08
2025-12-11 18:56:09,17.02
2025-12-11 18:56:35,2.98
2025-12-11 18:56:50,1.17
2025-12-11 18:57:16,3.43
2025-12-11 18:57:35,1.65
2025-12-11 18:57:52,1.52
2025-12-11 18:58:05,1.11
2025-12-11 18:58:16,1.13
2025-12-11 18:58:37,2.27
2025-12-11 18:58:58,1.80
2025-12-11 18:59:11,1.18
2025-12-11 18:59:40,4.66
2025-12-11 18:59:55,1.37
2025-12-11 19:00:15,1.87
2025-12-11 19:00:46,4.91
2025-12-11 19:01:18,5.93
2025-12-11 19:01:36,1.64
2025-12-11 19:01:50,1.06
2025-12-11 19:02:06,1.51
2025-12-11 19:02:22,1.59
2025-12-11 19:02:34,1.12
2025-12-11 19:02:47,1.14
2025-12-11 19:03:11,3.12
2025-12-11 19:03:27,1.43
2025-12-11 19:03:48,2.14
2025-12-11 19:04:00,1.15
2025-12-11 19:04:31,5.47
2025-12-11 19:04:59,4.36
2025-12-11 19:06:07,115.67
2025-12-11 19:06:27,1.14
2025-12-11 19:06:38,1.00
2025-12-11 19:06:50,1.14
2025-12-11 19:07:22,5.66
2025-12-11 19:07:36,1.13
2025-12-11 19:07:57,2.67
2025-12-11 19:08:25,3.90
2025-12-11 19:08:57,5.39
2025-12-11 19:09:42,11.80
2025-12-11 19:10:00,1.39
2025-12-11 19:10:22,2.64
2025-12-11 19:10:39,1.41
2025-12-11 19:10:56,1.55
2025-12-11 19:11:12,1.42
2025-12-11 19:11:41,5.27
2025-12-11 19:12:03,1.52
2025-12-11 19:12:18,1.41
2025-12-11 19:12:30,1.02
2025-12-11 19:12:45,1.42
2025-12-11 19:13:09,2.98
2025-12-11 19:13:31,2.37
2025-12-11 19:13:44,1.09
2025-12-11 19:14:19,9.05
2025-12-11 19:15:27,117.38
2025-12-11 19:16:09,9.59
2025-12-11 19:16:32,2.36
2025-12-11 19:16:46,1.19
2025-12-11 19:17:04,1.76
2025-12-11 19:17:38,6.63
2025-12-11 19:17:56,1.71
2025-12-11 19:18:31,7.22
2025-12-11 19:18:56,3.16
2025-12-11 19:19:16,2.21
2025-12-11 19:19:56,11.86
2025-12-11 19:20:13,1.31
2025-12-11 19:20:33,1.98
2025-12-11 19:21:41,124.48
2025-12-11 19:21:58,1.20
2025-12-11 19:22:13,1.44
2025-12-11 19:22:26,1.00
2025-12-11 19:23:17,28.51
2025-12-11 19:23:40,2.29
2025-12-11 19:24:16,8.37
2025-12-11 19:24:42,3.43
2025-12-11 19:25:18,8.08
2025-12-11 19:25:49,5.21
2025-12-11 19:26:10,1.76
2025-12-11 19:26:39,4.02
2025-12-11 19:26:56,1.53
2025-12-11 19:27:14,1.42
2025-12-11 19:27:34,2.26
2025-12-11 19:27:54,1.73
2025-12-11 19:28:11,1.25
2025-12-11 19:28:22,1.01
2025-12-11 19:28:45,2.69
2025-12-11 19:29:04,1.78
2025-12-11 19:29:18,1.27
2025-12-11 19:29:36,1.61
2025-12-11 19:29:54,1.62
2025-12-11 19:30:14,1.56
2025-12-11 19:30:33,1.71
2025-12-11 19:31:16,14.72
2025-12-11 19:31:35,1.62
2025-12-11 19:32:08,7.17
2025-12-11 19:32:36,3.76
2025-12-11 19:32:49,1.00
2025-12-11 19:33:08,1.82
2025-12-11 19:33:31,2.54
2025-12-11 19:33:49,1.40
2025-12-11 19:34:06,1.69
2025-12-11 19:34:21,1.22
2025-12-11 19:34:34,1.10
2025-12-11 19:34:46,1.26
2025-12-11 19:35:04,1.77
2025-12-11 19:35:21,1.74
2025-12-11 19:35:40,1.78
2025-12-11 19:35:54,1.23
2025-12-11 19:36:04,1.04
2025-12-11 19:36:32,3.98
2025-12-11 19:36:48,1.31
2025-12-11 19:37:02,1.35
2025-12-11 19:37:14,1.09
2025-12-11 19:37:46,6.45
2025-12-11 19:37:59,1.09
2025-12-11 19:38:12,1.22
2025-12-11 19:38:38,3.35
2025-12-11 19:38:51,1.24
2025-12-11 19:39:04,1.29
2025-12-11 19:39:17,1.21
2025-12-11 19:39:41,2.63
2025-12-11 19:39:57,1.59
2025-12-11 19:40:56,65.44
2025-12-11 19:41:10,1.04
2025-12-11 19:41:26,1.52
2025-12-11 19:41:46,2.28
2025-12-11 19:41:58,1.08
2025-12-11 19:42:35,8.09
2025-12-11 19:43:15,11.06
2025-12-11 19:43:59,13.85
2025-12-11 19:44:14,1.12
2025-12-11 19:44:27,1.08
2025-12-11 19:44:50,2.94
2025-12-11 19:45:08,1.54
2025-12-11 19:45:24,1.68
2025-12-11 19:45:38,1.25
2025-12-11 19:45:53,1.44
2025-12-11 19:46:41,22.33
2025-12-11 19:47:03,2.41
2025-12-11 19:47:26,2.53
2025-12-11 19:47:42,1.42
2025-12-11 19:48:03,2.13
2025-12-11 19:48:21,1.49
2025-12-11 19:48:37,1.45
2025-12-11 19:48:52,1.55
2025-12-11 19:49:04,1.02
2025-12-11 19:49:33,4.39
2025-12-11 19:49:47,1.11
2025-12-11 19:50:07,2.36
2025-12-11 19:50:22,1.36
2025-12-11 19:50:59,8.10
2025-12-11 19:51:16,1.50
2025-12-11 19:51:59,16.25
2025-12-11 19:52:21,2.02
2025-12-11 19:52:56,6.37
2025-12-11 19:53:13,1.32
2025-12-11 19:53:27,1.28
2025-12-11 19:53:56,5.21
2025-12-11 19:54:29,6.35
