timestamp,bet_type,bet_placed,predicted_range,pred_min,pred_max,predicted_value,actual_multiplier,bet_amount,payout,profit_loss,balance_before,balance_after,is_win,confidence
2025-12-11 17:11:01,min_range,True,,,,3.61,2.7,100.0,0,-100.0,50000.0,49900.0,False,63.5
2025-12-11 17:11:01,prediction,True,,,,4.24,2.7,100.0,0,-100.0,50000.0,49900.0,False,63.5
2025-12-11 17:11:40,min_range,True,,,,22.59,987.32,100.0,2259.0,2159.0,49900.0,50000.0,True,88.2
2025-12-11 17:11:40,prediction,True,,,,25.32,987.32,100.0,98732.0,98632.0,-48632.0,50000.0,True,88.2
2025-12-11 17:12:11,min_range,True,,,,9.55,3.9,100.0,0,-100.0,50000.0,49900.0,False,56.5
2025-12-11 17:12:11,prediction,True,,,,11.23,3.9,100.0,0,-100.0,50000.0,49900.0,False,56.5
2025-12-11 17:12:40,min_range,True,,,,8.37,4.3,100.0,0,-100.0,49900.0,49800.0,False,63.1
2025-12-11 17:12:40,prediction,True,,,,9.56,4.3,100.0,0,-100.0,49900.0,49800.0,False,63.1
2025-12-11 17:12:58,min_range,True,,,,6.45,1.33,100.0,0,-100.0,49800.0,49700.0,False,60.7
2025-12-11 17:12:58,prediction,True,,,,7.59,1.33,100.0,0,-100.0,49800.0,49700.0,False,60.7
2025-12-11 17:13:11,min_range,True,,,,6.45,1.06,100.0,0,-100.0,49700.0,49600.0,False,60.7
2025-12-11 17:13:11,prediction,True,,,,7.59,1.06,100.0,0,-100.0,49700.0,49600.0,False,60.7
2025-12-11 17:13:25,min_range,True,,,,3.89,1.05,100.0,0,-100.0,49600.0,49500.0,False,55.5
2025-12-11 17:13:25,prediction,True,,,,4.57,1.05,100.0,0,-100.0,49600.0,49500.0,False,55.5
2025-12-11 17:13:49,min_range,True,,,,3.89,4.17,100.0,389.0,289.0,49500.0,49789.0,True,55.5
2025-12-11 17:13:49,prediction,True,,,,4.57,4.17,100.0,417.0,317.0,49500.0,49817.0,True,55.5
2025-12-11 17:14:08,min_range,True,,,,4.24,1.24,100.0,0,-100.0,49789.0,49689.0,False,76.3
2025-12-11 17:14:08,prediction,True,,,,4.98,1.24,100.0,0,-100.0,49817.0,49717.0,False,76.3
2025-12-11 17:14:29,min_range,True,,,,2.93,2.13,100.0,0,-100.0,49689.0,49589.0,False,50
2025-12-11 17:14:29,prediction,True,,,,3.45,2.13,100.0,0,-100.0,49717.0,49617.0,False,50
2025-12-11 17:14:43,min_range,True,,,,4.57,1.13,100.0,0,-100.0,49589.0,49489.0,False,50
2025-12-11 17:14:43,prediction,True,,,,5.37,1.13,100.0,0,-100.0,49617.0,49517.0,False,50
2025-12-11 17:14:59,min_range,True,,,,4.57,1.54,100.0,0,-100.0,49489.0,49389.0,False,50
2025-12-11 17:14:59,prediction,True,,,,5.37,1.54,100.0,0,-100.0,49517.0,49417.0,False,50
2025-12-11 17:15:19,min_range,True,,,,6.84,2.6,100.0,0,-100.0,49389.0,49289.0,False,50
2025-12-11 17:15:19,prediction,True,,,,8.05,2.6,100.0,0,-100.0,49417.0,49317.0,False,50
2025-12-11 17:16:11,min_range,True,,,,4.3,26.85,100.0,430.0,330.0,49289.0,49619.0,True,74.7
2025-12-11 17:16:11,prediction,True,,,,4.31,26.85,100.0,2685.0,2585.0,47415.0,50000.0,True,74.7
2025-12-11 17:16:38,min_range,True,,,,14.57,2.32,100.0,0,-100.0,49619.0,49519.0,False,52.7
2025-12-11 17:16:38,prediction,True,,,,17.14,2.32,100.0,0,-100.0,50000.0,49900.0,False,52.7
2025-12-11 17:17:14,min_range,True,,,,2.42,2.11,100.0,0,-100.0,49519.0,49419.0,False,60.0
2025-12-11 17:17:14,prediction,True,,,,2.84,2.11,100.0,0,-100.0,49900.0,49800.0,False,60.0
2025-12-11 17:18:04,min_range,True,,,,3.15,29.94,100.0,315.0,215.0,49419.0,49634.0,True,69.3
2025-12-11 17:18:04,prediction,True,,,,3.71,29.94,100.0,2994.0,2894.0,47106.0,50000.0,True,69.3
2025-12-11 17:18:20,min_range,True,,,,14.64,1.0,100.0,0,-100.0,49634.0,49534.0,False,50
2025-12-11 17:18:20,prediction,True,,,,17.22,1.0,100.0,0,-100.0,50000.0,49900.0,False,50
2025-12-11 17:18:34,min_range,True,,,,2.63,1.32,100.0,0,-100.0,49534.0,49434.0,False,55.3
2025-12-11 17:18:34,prediction,True,,,,3.1,1.32,100.0,0,-100.0,49900.0,49800.0,False,55.3
2025-12-11 17:18:58,min_range,True,,,,2.98,2.81,100.0,0,-100.0,49434.0,49334.0,False,66.3
2025-12-11 17:18:58,prediction,True,,,,3.51,2.81,100.0,0,-100.0,49800.0,49700.0,False,66.3
2025-12-11 17:19:34,min_range,True,,,,6.43,7.51,100.0,643.0,543.0,49334.0,49877.0,True,90.5
2025-12-11 17:19:34,prediction,True,,,,6.43,7.51,100.0,751.0,651.0,49349.0,50000.0,True,90.5
2025-12-11 17:19:55,min_range,True,,,,6.43,2.37,100.0,0,-100.0,49877.0,49777.0,False,90.5
2025-12-11 17:19:55,prediction,True,,,,6.43,2.37,100.0,0,-100.0,50000.0,49900.0,False,90.5
2025-12-11 17:20:11,min_range,True,,,,6.15,1.16,100.0,0,-100.0,49777.0,49677.0,False,56.7
2025-12-11 17:20:11,prediction,True,,,,7.23,1.16,100.0,0,-100.0,49900.0,49800.0,False,56.7
2025-12-11 17:20:25,min_range,True,,,,2.73,1.33,100.0,0,-100.0,49677.0,49577.0,False,57.5
2025-12-11 17:20:25,prediction,True,,,,3.21,1.33,100.0,0,-100.0,49800.0,49700.0,False,57.5
2025-12-11 17:20:49,min_range,True,,,,6.29,2.84,100.0,0,-100.0,49577.0,49477.0,False,59.5
2025-12-11 17:20:49,prediction,True,,,,7.4,2.84,100.0,0,-100.0,49700.0,49600.0,False,59.5
2025-12-11 17:21:07,min_range,True,,,,6.29,1.48,100.0,0,-100.0,49477.0,49377.0,False,59.5
2025-12-11 17:21:07,prediction,True,,,,7.4,1.48,100.0,0,-100.0,49600.0,49500.0,False,59.5
2025-12-11 17:21:20,min_range,True,,,,5.53,1.08,100.0,0,-100.0,49377.0,49277.0,False,58.1
2025-12-11 17:21:20,prediction,True,,,,6.51,1.08,100.0,0,-100.0,49500.0,49400.0,False,58.1
2025-12-11 17:21:56,min_range,True,,,,6.27,9.15,100.0,627.0,527.0,49277.0,49804.0,True,50
2025-12-11 17:21:56,prediction,True,,,,7.38,9.15,100.0,915.0,815.0,49185.0,50000.0,True,50
2025-12-11 17:22:26,min_range,True,,,,6.55,3.72,100.0,0,-100.0,49804.0,49704.0,False,88.2
2025-12-11 17:22:26,prediction,True,,,,7.48,3.72,100.0,0,-100.0,50000.0,49900.0,False,88.2
2025-12-11 17:22:38,min_range,True,,,,4.28,1.03,100.0,0,-100.0,49704.0,49604.0,False,66.8
2025-12-11 17:22:38,prediction,True,,,,5.03,1.03,100.0,0,-100.0,49900.0,49800.0,False,66.8
2025-12-11 17:22:50,min_range,True,,,,2.68,1.12,100.0,0,-100.0,49604.0,49504.0,False,57.2
2025-12-11 17:22:50,prediction,True,,,,3.15,1.12,100.0,0,-100.0,49800.0,49700.0,False,57.2
2025-12-11 17:23:14,min_range,True,,,,2.76,2.2,100.0,0,-100.0,49504.0,49404.0,False,62.8
2025-12-11 17:23:14,prediction,True,,,,3.25,2.2,100.0,0,-100.0,49700.0,49600.0,False,62.8
2025-12-11 17:23:28,min_range,True,,,,3.84,1.25,100.0,0,-100.0,49404.0,49304.0,False,70.6
2025-12-11 17:23:28,prediction,True,,,,4.52,1.25,100.0,0,-100.0,49600.0,49500.0,False,70.6
2025-12-11 17:23:37,min_range,True,,,,3.36,1.06,100.0,0,-100.0,49304.0,49204.0,False,60.8
2025-12-11 17:23:37,prediction,True,,,,3.95,1.06,100.0,0,-100.0,49500.0,49400.0,False,60.8
2025-12-11 17:23:52,min_range,True,,,,6.1,1.09,100.0,0,-100.0,49204.0,49104.0,False,52.7
2025-12-11 17:23:52,prediction,True,,,,6.56,1.09,100.0,0,-100.0,49400.0,49300.0,False,52.7
2025-12-11 17:24:13,min_range,True,,,,6.1,2.76,100.0,0,-100.0,49104.0,49004.0,False,52.7
2025-12-11 17:24:13,prediction,True,,,,6.56,2.76,100.0,0,-100.0,49300.0,49200.0,False,52.7
2025-12-11 17:24:40,min_range,True,,,,5.35,3.53,100.0,0,-100.0,49004.0,48904.0,False,71.4
2025-12-11 17:24:40,prediction,True,,,,5.35,3.53,100.0,0,-100.0,49200.0,49100.0,False,71.4
2025-12-11 17:25:14,min_range,True,,,,4.69,6.65,100.0,469.0,369.0,48904.0,49273.0,True,77.7
2025-12-11 17:25:14,prediction,True,,,,5.52,6.65,100.0,665.0,565.0,49100.0,49665.0,True,77.7
2025-12-11 17:25:35,min_range,True,,,,6.97,2.28,100.0,0,-100.0,49273.0,49173.0,False,81.0
2025-12-11 17:25:35,prediction,True,,,,8.2,2.28,100.0,0,-100.0,49665.0,49565.0,False,81.0
2025-12-11 17:25:52,min_range,True,,,,4.01,1.38,100.0,0,-100.0,49173.0,49073.0,False,50
2025-12-11 17:25:52,prediction,True,,,,4.72,1.38,100.0,0,-100.0,49565.0,49465.0,False,50
2025-12-11 17:26:13,min_range,True,,,,2.94,2.37,100.0,0,-100.0,49073.0,48973.0,False,57.5
2025-12-11 17:26:13,prediction,True,,,,3.46,2.37,100.0,0,-100.0,49465.0,49365.0,False,57.5
2025-12-11 17:26:25,min_range,True,,,,3.08,1.1,100.0,0,-100.0,48973.0,48873.0,False,64.6
2025-12-11 17:26:25,prediction,True,,,,3.62,1.1,100.0,0,-100.0,49365.0,49265.0,False,64.6
2025-12-11 17:26:40,min_range,True,,,,4.94,1.22,100.0,0,-100.0,48873.0,48773.0,False,50
2025-12-11 17:26:40,prediction,True,,,,5.82,1.22,100.0,0,-100.0,49265.0,49165.0,False,50
2025-12-11 17:26:53,min_range,True,,,,4.56,1.13,100.0,0,-100.0,48773.0,48673.0,False,62.2
2025-12-11 17:26:53,prediction,True,,,,5.37,1.13,100.0,0,-100.0,49165.0,49065.0,False,62.2
2025-12-11 17:27:07,min_range,True,,,,3.46,1.38,100.0,0,-100.0,48673.0,48573.0,False,61.7
2025-12-11 17:27:07,prediction,True,,,,4.06,1.38,100.0,0,-100.0,49065.0,48965.0,False,61.7
2025-12-11 17:27:41,min_range,True,,,,3.46,6.21,100.0,346.0,246.0,48573.0,48819.0,True,61.7
2025-12-11 17:27:41,prediction,True,,,,4.06,6.21,100.0,621.0,521.0,48965.0,49486.0,True,61.7
2025-12-11 17:27:56,min_range,True,,,,7.76,1.29,100.0,0,-100.0,48819.0,48719.0,False,76.2
2025-12-11 17:27:56,prediction,True,,,,9.13,1.29,100.0,0,-100.0,49486.0,49386.0,False,76.2
2025-12-11 17:28:14,min_range,True,,,,4.41,1.57,100.0,0,-100.0,48719.0,48619.0,False,62.1
2025-12-11 17:28:14,prediction,True,,,,5.19,1.57,100.0,0,-100.0,49386.0,49286.0,False,62.1
2025-12-11 17:28:47,min_range,True,,,,3.53,6.36,100.0,353.0,253.0,48619.0,48872.0,True,69.0
2025-12-11 17:28:47,prediction,True,,,,4.15,6.36,100.0,636.0,536.0,49286.0,49822.0,True,69.0
2025-12-11 17:29:08,min_range,True,,,,7.15,2.03,100.0,0,-100.0,48872.0,48772.0,False,50
2025-12-11 17:29:08,prediction,True,,,,8.41,2.03,100.0,0,-100.0,49822.0,49722.0,False,50
2025-12-11 17:29:28,min_range,True,,,,5.01,2.27,100.0,0,-100.0,48772.0,48672.0,False,67.0
2025-12-11 17:29:28,prediction,True,,,,5.9,2.27,100.0,0,-100.0,49722.0,49622.0,False,67.0
2025-12-11 17:29:58,min_range,True,,,,3.82,5.12,100.0,382.0,282.0,48672.0,48954.0,True,72.6
2025-12-11 17:29:58,prediction,True,,,,4.5,5.12,100.0,512.0,412.0,49588.0,50000.0,True,72.6
2025-12-11 17:30:25,min_range,True,,,,6.94,3.86,100.0,0,-100.0,48954.0,48854.0,False,50
2025-12-11 17:30:25,prediction,True,,,,8.16,3.86,100.0,0,-100.0,50000.0,49900.0,False,50
2025-12-11 17:30:50,min_range,True,,,,5.8,2.6,100.0,0,-100.0,48854.0,48754.0,False,50
2025-12-11 17:30:50,prediction,True,,,,6.82,2.6,100.0,0,-100.0,49900.0,49800.0,False,50
2025-12-11 17:31:11,min_range,True,,,,5.42,2.16,100.0,0,-100.0,48754.0,48654.0,False,69.9
2025-12-11 17:31:11,prediction,True,,,,5.42,2.16,100.0,0,-100.0,49800.0,49700.0,False,69.9
2025-12-11 17:31:32,min_range,True,,,,5.33,2.08,100.0,0,-100.0,48654.0,48554.0,False,69.5
2025-12-11 17:31:32,prediction,True,,,,5.33,2.08,100.0,0,-100.0,49700.0,49600.0,False,69.5
2025-12-11 17:31:53,min_range,True,,,,5.36,1.93,100.0,0,-100.0,48554.0,48454.0,False,61.7
2025-12-11 17:31:53,prediction,True,,,,6.31,1.93,100.0,0,-100.0,49600.0,49500.0,False,61.7
2025-12-11 17:32:11,min_range,True,,,,4.85,1.63,100.0,0,-100.0,48454.0,48354.0,False,71.2
2025-12-11 17:32:11,prediction,True,,,,5.77,1.63,100.0,0,-100.0,49500.0,49400.0,False,71.2
2025-12-11 17:32:25,min_range,True,,,,5.26,1.03,100.0,0,-100.0,48354.0,48254.0,False,71.8
2025-12-11 17:32:25,prediction,True,,,,5.26,1.03,100.0,0,-100.0,49400.0,49300.0,False,71.8
2025-12-11 17:32:37,min_range,True,,,,4.83,1.11,100.0,0,-100.0,48254.0,48154.0,False,72.4
2025-12-11 17:32:37,prediction,True,,,,4.83,1.11,100.0,0,-100.0,49300.0,49200.0,False,72.4
2025-12-11 17:32:53,min_range,True,,,,8.13,1.67,100.0,0,-100.0,48154.0,48054.0,False,50
2025-12-11 17:32:53,prediction,True,,,,9.56,1.67,100.0,0,-100.0,49200.0,49100.0,False,50
2025-12-11 17:33:11,min_range,True,,,,8.39,1.68,100.0,0,-100.0,48054.0,47954.0,False,50
2025-12-11 17:33:11,prediction,True,,,,9.87,1.68,100.0,0,-100.0,49100.0,49000.0,False,50
2025-12-11 17:33:35,min_range,True,,,,8.39,3.5,100.0,0,-100.0,47954.0,47854.0,False,50
2025-12-11 17:33:35,prediction,True,,,,9.87,3.5,100.0,0,-100.0,49000.0,48900.0,False,50
2025-12-11 17:34:02,min_range,True,,,,6.03,1.06,100.0,0,-100.0,47854.0,47754.0,False,59.4
2025-12-11 17:34:02,prediction,True,,,,7.1,1.06,100.0,0,-100.0,48900.0,48800.0,False,59.4
2025-12-11 17:34:02,min_range,True,,,,6.03,1.37,100.0,0,-100.0,47754.0,47654.0,False,59.4
2025-12-11 17:34:02,prediction,True,,,,7.1,1.37,100.0,0,-100.0,48800.0,48700.0,False,59.4
2025-12-11 17:34:26,min_range,True,,,,6.4,2.92,100.0,0,-100.0,47654.0,47554.0,False,50.3
2025-12-11 17:34:26,prediction,True,,,,7.53,2.92,100.0,0,-100.0,48700.0,48600.0,False,50.3
2025-12-11 17:34:59,min_range,True,,,,6.46,6.88,100.0,646.0,546.0,47554.0,48100.0,True,59.6
2025-12-11 17:34:59,prediction,True,,,,7.6,6.88,100.0,688.0,588.0,48600.0,49188.0,True,59.6
2025-12-11 17:35:40,min_range,True,,,,8.91,12.82,100.0,891.0,791.0,48100.0,48891.0,True,76.3
2025-12-11 17:35:40,prediction,True,,,,10.48,12.82,100.0,1282.0,1182.0,48818.0,50000.0,True,76.3
2025-12-11 17:35:59,min_range,True,,,,13.36,1.28,100.0,0,-100.0,48891.0,48791.0,False,50
2025-12-11 17:35:59,prediction,True,,,,15.71,1.28,100.0,0,-100.0,50000.0,49900.0,False,50
2025-12-11 17:36:13,min_range,True,,,,6.97,1.55,100.0,0,-100.0,48791.0,48691.0,False,50
2025-12-11 17:36:13,prediction,True,,,,8.2,1.55,100.0,0,-100.0,49900.0,49800.0,False,50
2025-12-11 17:36:29,min_range,True,,,,4.67,1.39,100.0,0,-100.0,48691.0,48591.0,False,61.5
2025-12-11 17:36:29,prediction,True,,,,5.49,1.39,100.0,0,-100.0,49800.0,49700.0,False,61.5
2025-12-11 17:36:49,min_range,True,,,,5.35,1.78,100.0,0,-100.0,48591.0,48491.0,False,56.9
2025-12-11 17:36:49,prediction,True,,,,6.3,1.78,100.0,0,-100.0,49700.0,49600.0,False,56.9
2025-12-11 17:37:20,min_range,True,,,,5.79,4.79,100.0,0,-100.0,48491.0,48391.0,False,50
2025-12-11 17:37:20,prediction,True,,,,6.81,4.79,100.0,0,-100.0,49600.0,49500.0,False,50
2025-12-11 17:37:34,min_range,True,,,,5.28,1.1,100.0,0,-100.0,48391.0,48291.0,False,57.2
2025-12-11 17:37:34,prediction,True,,,,6.21,1.1,100.0,0,-100.0,49500.0,49400.0,False,57.2
2025-12-11 17:37:53,min_range,True,,,,5.28,1.88,100.0,0,-100.0,48291.0,48191.0,False,57.2
2025-12-11 17:37:53,prediction,True,,,,6.21,1.88,100.0,0,-100.0,49400.0,49300.0,False,57.2
2025-12-11 17:38:32,min_range,True,,,,6.47,1.97,100.0,0,-100.0,48191.0,48091.0,False,50
2025-12-11 17:38:32,prediction,True,,,,7.62,1.97,100.0,0,-100.0,49300.0,49200.0,False,50
2025-12-11 17:38:58,min_range,True,,,,8.92,3.14,100.0,0,-100.0,48091.0,47991.0,False,80.0
2025-12-11 17:38:58,prediction,True,,,,10.49,3.14,100.0,0,-100.0,49200.0,49100.0,False,80.0
2025-12-11 17:39:13,min_range,True,,,,5.77,1.59,100.0,0,-100.0,47991.0,47891.0,False,73.4
2025-12-11 17:39:13,prediction,True,,,,6.79,1.59,100.0,0,-100.0,49100.0,49000.0,False,73.4
2025-12-11 17:39:43,min_range,True,,,,5.28,3.44,100.0,0,-100.0,47891.0,47791.0,False,50
2025-12-11 17:39:43,prediction,True,,,,6.22,3.44,100.0,0,-100.0,49000.0,48900.0,False,50
2025-12-11 17:40:47,min_range,True,,,,5.9,81.53,100.0,590.0,490.0,47791.0,48281.0,True,55.9
2025-12-11 17:40:47,prediction,True,,,,6.94,81.53,100.0,8153.0,8053.0,41947.0,50000.0,True,55.9
2025-12-11 17:41:08,min_range,True,,,,42.1,1.79,100.0,0,-100.0,48281.0,48181.0,False,50
2025-12-11 17:41:08,prediction,True,,,,49.53,1.79,100.0,0,-100.0,50000.0,49900.0,False,50
2025-12-11 17:41:26,min_range,True,,,,7.14,1.97,100.0,0,-100.0,48181.0,48081.0,False,50
2025-12-11 17:41:26,prediction,True,,,,8.4,1.97,100.0,0,-100.0,49900.0,49800.0,False,50
2025-12-11 17:41:44,min_range,True,,,,3.04,1.74,100.0,0,-100.0,48081.0,47981.0,False,61.8
2025-12-11 17:41:44,prediction,True,,,,3.58,1.74,100.0,0,-100.0,49800.0,49700.0,False,61.8
2025-12-11 17:42:50,min_range,True,,,,3.3,112.29,100.0,330.0,230.0,47981.0,48211.0,True,64.2
2025-12-11 17:42:50,prediction,True,,,,3.88,112.29,100.0,11229.0,11129.0,38871.0,50000.0,True,64.2
2025-12-11 17:43:08,min_range,True,,,,34.97,1.11,100.0,0,-100.0,48211.0,48111.0,False,50
2025-12-11 17:43:08,prediction,True,,,,41.14,1.11,100.0,0,-100.0,50000.0,49900.0,False,50
2025-12-11 17:43:22,min_range,True,,,,12.73,1.53,100.0,0,-100.0,48111.0,48011.0,False,50
2025-12-11 17:43:22,prediction,True,,,,14.97,1.53,100.0,0,-100.0,49900.0,49800.0,False,50
2025-12-11 17:43:44,min_range,True,,,,3.64,1.89,100.0,0,-100.0,48011.0,47911.0,False,68.7
2025-12-11 17:43:44,prediction,True,,,,4.28,1.89,100.0,0,-100.0,49800.0,49700.0,False,68.7
2025-12-11 17:43:56,min_range,True,,,,3.83,1.1,100.0,0,-100.0,47911.0,47811.0,False,63.0
2025-12-11 17:43:56,prediction,True,,,,4.5,1.1,100.0,0,-100.0,49700.0,49600.0,False,63.0
2025-12-11 17:44:32,min_range,True,,,,3.83,8.18,100.0,383.0,283.0,47811.0,48094.0,True,63.0
2025-12-11 17:44:32,prediction,True,,,,4.5,8.18,100.0,818.0,718.0,49282.0,50000.0,True,63.0
2025-12-11 17:44:47,min_range,True,,,,6.19,1.03,100.0,0,-100.0,48094.0,47994.0,False,69.1
2025-12-11 17:44:47,prediction,True,,,,7.57,1.03,100.0,0,-100.0,50000.0,49900.0,False,69.1
2025-12-11 17:45:02,min_range,True,,,,3.31,1.5,100.0,0,-100.0,47994.0,47894.0,False,50
2025-12-11 17:45:02,prediction,True,,,,3.9,1.5,100.0,0,-100.0,49900.0,49800.0,False,50
2025-12-11 17:45:17,min_range,True,,,,4.08,1.44,100.0,0,-100.0,47894.0,47794.0,False,61.4
2025-12-11 17:45:17,prediction,True,,,,4.81,1.44,100.0,0,-100.0,49800.0,49700.0,False,61.4
2025-12-11 17:45:50,min_range,True,,,,6.38,7.21,100.0,638.0,538.0,47794.0,48332.0,True,50
2025-12-11 17:45:50,prediction,True,,,,7.51,7.21,100.0,721.0,621.0,49379.0,50000.0,True,50
2025-12-11 17:46:05,min_range,True,,,,6.7,1.12,100.0,0,-100.0,48332.0,48232.0,False,75.0
2025-12-11 17:46:05,prediction,True,,,,7.88,1.12,100.0,0,-100.0,50000.0,49900.0,False,75.0
2025-12-11 17:46:17,min_range,True,,,,3.31,1.25,100.0,0,-100.0,48232.0,48132.0,False,62.0
2025-12-11 17:46:17,prediction,True,,,,3.89,1.25,100.0,0,-100.0,49900.0,49800.0,False,62.0
2025-12-11 17:46:32,min_range,True,,,,3.26,1.0,100.0,0,-100.0,48132.0,48032.0,False,65.4
2025-12-11 17:46:32,prediction,True,,,,3.83,1.0,100.0,0,-100.0,49800.0,49700.0,False,65.4
2025-12-11 17:46:59,min_range,True,,,,5.45,4.37,100.0,0,-100.0,48032.0,47932.0,False,56.5
2025-12-11 17:46:59,prediction,True,,,,5.45,4.37,100.0,0,-100.0,49700.0,49600.0,False,56.5
2025-12-11 17:47:16,min_range,True,,,,6.34,1.57,100.0,0,-100.0,47932.0,47832.0,False,66.7
2025-12-11 17:47:16,prediction,True,,,,7.46,1.57,100.0,0,-100.0,49600.0,49500.0,False,66.7
2025-12-11 17:47:37,min_range,True,,,,3.51,2.22,100.0,0,-100.0,47832.0,47732.0,False,71.6
2025-12-11 17:47:37,prediction,True,,,,4.13,2.22,100.0,0,-100.0,49500.0,49400.0,False,71.6
2025-12-11 17:47:58,min_range,True,,,,3.58,2.23,100.0,0,-100.0,47732.0,47632.0,False,72.0
2025-12-11 17:47:58,prediction,True,,,,4.22,2.23,100.0,0,-100.0,49400.0,49300.0,False,72.0
2025-12-11 17:48:20,min_range,True,,,,3.58,2.46,100.0,0,-100.0,47632.0,47532.0,False,72.0
2025-12-11 17:48:20,prediction,True,,,,4.22,2.46,100.0,0,-100.0,49300.0,49200.0,False,72.0
2025-12-11 17:48:38,min_range,True,,,,3.58,1.48,100.0,0,-100.0,47532.0,47432.0,False,71.6
2025-12-11 17:48:38,prediction,True,,,,4.21,1.48,100.0,0,-100.0,49200.0,49100.0,False,71.6
2025-12-11 17:48:53,min_range,True,,,,4.29,1.42,100.0,0,-100.0,47432.0,47332.0,False,50
2025-12-11 17:48:53,prediction,True,,,,5.04,1.42,100.0,0,-100.0,49100.0,49000.0,False,50
2025-12-11 17:49:20,min_range,True,,,,4.0,3.81,100.0,0,-100.0,47332.0,47232.0,False,50
2025-12-11 17:49:20,prediction,True,,,,4.71,3.81,100.0,0,-100.0,49000.0,48900.0,False,50
2025-12-11 17:49:38,min_range,True,,,,4.6,1.75,100.0,0,-100.0,47232.0,47132.0,False,85.9
2025-12-11 17:49:38,prediction,True,,,,5.08,1.75,100.0,0,-100.0,48900.0,48800.0,False,85.9
2025-12-11 17:50:05,min_range,True,,,,3.34,2.25,100.0,0,-100.0,47132.0,47032.0,False,65.1
2025-12-11 17:50:05,prediction,True,,,,3.93,2.25,100.0,0,-100.0,48800.0,48700.0,False,65.1
2025-12-11 17:50:32,min_range,True,,,,6.31,4.14,100.0,0,-100.0,47032.0,46932.0,False,50
2025-12-11 17:50:32,prediction,True,,,,7.96,4.14,100.0,0,-100.0,48700.0,48600.0,False,50
2025-12-11 17:50:56,min_range,True,,,,6.53,2.95,100.0,0,-100.0,46932.0,46832.0,False,50
2025-12-11 17:50:56,prediction,True,,,,8.57,2.95,100.0,0,-100.0,48600.0,48500.0,False,50
2025-12-11 17:51:50,min_range,True,,,,3.86,35.78,100.0,386.0,286.0,46832.0,47118.0,True,62.2
2025-12-11 17:51:50,prediction,True,,,,4.55,35.78,100.0,3578.0,3478.0,46522.0,50000.0,True,62.2
2025-12-11 17:52:13,min_range,True,,,,27.41,1.46,100.0,0,-100.0,47118.0,47018.0,False,53.4
2025-12-11 17:52:13,prediction,True,,,,32.25,1.46,100.0,0,-100.0,50000.0,49900.0,False,53.4
2025-12-11 17:52:37,min_range,True,,,,11.85,3.39,100.0,0,-100.0,47018.0,46918.0,False,50
2025-12-11 17:52:37,prediction,True,,,,13.94,3.39,100.0,0,-100.0,49900.0,49800.0,False,50
2025-12-11 17:52:55,min_range,True,,,,3.6,1.76,100.0,0,-100.0,46918.0,46818.0,False,71.6
2025-12-11 17:52:55,prediction,True,,,,4.24,1.76,100.0,0,-100.0,49800.0,49700.0,False,71.6
2025-12-11 17:53:11,min_range,True,,,,3.46,1.15,100.0,0,-100.0,46818.0,46718.0,False,63.0
2025-12-11 17:53:11,prediction,True,,,,4.07,1.15,100.0,0,-100.0,49700.0,49600.0,False,63.0
2025-12-11 17:53:56,min_range,True,,,,2.8,17.25,100.0,280.0,180.0,46718.0,46898.0,True,56.0
2025-12-11 17:53:56,prediction,True,,,,3.3,17.25,100.0,1725.0,1625.0,48375.0,50000.0,True,56.0
2025-12-11 17:54:11,min_range,True,,,,10.57,1.43,100.0,0,-100.0,46898.0,46798.0,False,50
2025-12-11 17:54:11,prediction,True,,,,12.43,1.43,100.0,0,-100.0,50000.0,49900.0,False,50
2025-12-11 17:54:25,min_range,True,,,,4.45,1.05,100.0,0,-100.0,46798.0,46698.0,False,59.5
2025-12-11 17:54:25,prediction,True,,,,5.24,1.05,100.0,0,-100.0,49900.0,49800.0,False,59.5
2025-12-11 17:54:50,min_range,True,,,,4.45,3.15,100.0,0,-100.0,46698.0,46598.0,False,59.5
2025-12-11 17:54:50,prediction,True,,,,5.24,3.15,100.0,0,-100.0,49800.0,49700.0,False,59.5
2025-12-11 17:55:07,min_range,True,,,,5.81,2.02,100.0,0,-100.0,46598.0,46498.0,False,70.4
2025-12-11 17:55:07,prediction,True,,,,6.84,2.02,100.0,0,-100.0,49700.0,49600.0,False,70.4
2025-12-11 17:55:47,min_range,True,,,,5.41,11.26,100.0,541.0,441.0,46498.0,46939.0,True,70.1
2025-12-11 17:55:47,prediction,True,,,,5.41,11.26,100.0,1126.0,1026.0,48974.0,50000.0,True,70.1
2025-12-11 17:56:20,min_range,True,,,,10.06,4.58,100.0,0,-100.0,46939.0,46839.0,False,80.4
2025-12-11 17:56:20,prediction,True,,,,11.96,4.58,100.0,0,-100.0,50000.0,49900.0,False,80.4
2025-12-11 17:57:06,min_range,True,,,,11.46,12.55,100.0,1146.0,1046.0,46839.0,47885.0,True,77.8
2025-12-11 17:57:06,prediction,True,,,,13.49,12.55,100.0,1255.0,1155.0,48845.0,50000.0,True,77.8
2025-12-11 17:57:24,min_range,True,,,,4.01,1.43,100.0,0,-100.0,47885.0,47785.0,False,53.3
2025-12-11 17:57:24,prediction,True,,,,4.72,1.43,100.0,0,-100.0,50000.0,49900.0,False,53.3
2025-12-11 17:58:06,min_range,True,,,,12.43,14.79,100.0,1243.0,1143.0,47785.0,48928.0,True,50.6
2025-12-11 17:58:06,prediction,True,,,,14.9,14.79,100.0,1479.0,1379.0,48621.0,50000.0,True,50.6
2025-12-11 17:58:31,min_range,True,,,,5.17,2.08,100.0,0,-100.0,48928.0,48828.0,False,59.7
2025-12-11 17:58:31,prediction,True,,,,6.08,2.08,100.0,0,-100.0,50000.0,49900.0,False,59.7
2025-12-11 17:58:49,min_range,True,,,,4.02,1.79,100.0,0,-100.0,48828.0,48728.0,False,59.9
2025-12-11 17:58:49,prediction,True,,,,4.73,1.79,100.0,0,-100.0,49900.0,49800.0,False,59.9
2025-12-11 17:59:08,min_range,True,,,,5.66,1.72,100.0,0,-100.0,48728.0,48628.0,False,56.3
2025-12-11 17:59:08,prediction,True,,,,6.66,1.72,100.0,0,-100.0,49800.0,49700.0,False,56.3
2025-12-11 17:59:21,min_range,True,,,,7.17,1.03,100.0,0,-100.0,48628.0,48528.0,False,50
2025-12-11 17:59:21,prediction,True,,,,8.43,1.03,100.0,0,-100.0,49700.0,49600.0,False,50
2025-12-11 17:59:37,min_range,True,,,,6.97,1.24,100.0,0,-100.0,48528.0,48428.0,False,52.7
2025-12-11 17:59:37,prediction,True,,,,8.2,1.24,100.0,0,-100.0,49600.0,49500.0,False,52.7
2025-12-11 17:59:51,min_range,True,,,,5.23,1.32,100.0,0,-100.0,48428.0,48328.0,False,56.2
2025-12-11 17:59:51,prediction,True,,,,6.15,1.32,100.0,0,-100.0,49500.0,49400.0,False,56.2
2025-12-11 18:00:16,min_range,True,,,,4.78,3.14,100.0,0,-100.0,48328.0,48228.0,False,62.8
2025-12-11 18:00:16,prediction,True,,,,5.62,3.14,100.0,0,-100.0,49400.0,49300.0,False,62.8
2025-12-11 18:00:59,min_range,True,,,,9.15,12.47,100.0,915.0,815.0,48228.0,49043.0,True,73.5
2025-12-11 18:00:59,prediction,True,,,,10.77,12.47,100.0,1247.0,1147.0,48853.0,50000.0,True,73.5
2025-12-11 18:01:12,min_range,True,,,,4.71,1.04,100.0,0,-100.0,49043.0,48943.0,False,50
2025-12-11 18:01:12,prediction,True,,,,5.54,1.04,100.0,0,-100.0,50000.0,49900.0,False,50
2025-12-11 18:01:55,min_range,True,,,,11.16,14.93,100.0,1116.0,1016.0,48943.0,49959.0,True,71.7
2025-12-11 18:01:55,prediction,True,,,,13.13,14.93,100.0,1493.0,1393.0,48607.0,50000.0,True,71.7
2025-12-11 18:02:14,min_range,True,,,,3.48,1.67,100.0,0,-100.0,49959.0,49859.0,False,50
2025-12-11 18:02:14,prediction,True,,,,4.09,1.67,100.0,0,-100.0,50000.0,49900.0,False,50
2025-12-11 18:02:28,min_range,True,,,,2.95,1.04,100.0,0,-100.0,49859.0,49759.0,False,56.3
2025-12-11 18:02:28,prediction,True,,,,3.47,1.04,100.0,0,-100.0,49900.0,49800.0,False,56.3
2025-12-11 18:02:44,min_range,True,,,,3.17,1.32,100.0,0,-100.0,49759.0,49659.0,False,65.1
2025-12-11 18:02:44,prediction,True,,,,3.72,1.32,100.0,0,-100.0,49800.0,49700.0,False,65.1
2025-12-11 18:03:02,min_range,True,,,,3.63,1.74,100.0,0,-100.0,49659.0,49559.0,False,67.2
2025-12-11 18:03:02,prediction,True,,,,4.27,1.74,100.0,0,-100.0,49700.0,49600.0,False,67.2
2025-12-11 18:03:14,min_range,True,,,,3.63,1.15,100.0,0,-100.0,49559.0,49459.0,False,67.2
2025-12-11 18:03:14,prediction,True,,,,4.27,1.15,100.0,0,-100.0,49600.0,49500.0,False,67.2
2025-12-11 18:03:35,min_range,True,,,,3.27,2.15,100.0,0,-100.0,49459.0,49359.0,False,50
2025-12-11 18:03:35,prediction,True,,,,3.85,2.15,100.0,0,-100.0,49500.0,49400.0,False,50
2025-12-11 18:03:53,min_range,True,,,,5.22,1.64,100.0,0,-100.0,49359.0,49259.0,False,67.9
2025-12-11 18:03:53,prediction,True,,,,6.14,1.64,100.0,0,-100.0,49400.0,49300.0,False,67.9
2025-12-11 18:04:07,min_range,True,,,,4.57,1.61,100.0,0,-100.0,49259.0,49159.0,False,72.1
2025-12-11 18:04:07,prediction,True,,,,4.57,1.61,100.0,0,-100.0,49300.0,49200.0,False,72.1
2025-12-11 18:04:41,min_range,True,,,,4.93,5.93,100.0,493.0,393.0,49159.0,49552.0,True,69.6
2025-12-11 18:04:41,prediction,True,,,,4.93,5.93,100.0,593.0,493.0,49200.0,49693.0,True,69.6
2025-12-11 18:04:59,min_range,True,,,,7.32,1.61,100.0,0,-100.0,49552.0,49452.0,False,66.1
2025-12-11 18:04:59,prediction,True,,,,8.61,1.61,100.0,0,-100.0,49693.0,49593.0,False,66.1
2025-12-11 18:05:32,min_range,True,,,,6.38,6.36,100.0,0,-100.0,49452.0,49352.0,False,50
2025-12-11 18:05:32,prediction,True,,,,7.5,6.36,100.0,0,-100.0,49593.0,49493.0,False,50
2025-12-11 18:06:08,min_range,True,,,,5.49,7.01,100.0,549.0,449.0,49352.0,49801.0,True,86.3
2025-12-11 18:06:08,prediction,True,,,,6.47,7.01,100.0,701.0,601.0,49399.0,50000.0,True,86.3
2025-12-11 18:06:23,min_range,True,,,,10.25,1.37,100.0,0,-100.0,49801.0,49701.0,False,62.4
2025-12-11 18:06:23,prediction,True,,,,12.06,1.37,100.0,0,-100.0,50000.0,49900.0,False,62.4
2025-12-11 18:06:52,min_range,True,,,,4.9,4.11,100.0,0,-100.0,49701.0,49601.0,False,72.5
2025-12-11 18:06:52,prediction,True,,,,6.38,4.11,100.0,0,-100.0,49900.0,49800.0,False,72.5
2025-12-11 18:07:08,min_range,True,,,,4.9,1.36,100.0,0,-100.0,49601.0,49501.0,False,72.5
2025-12-11 18:07:08,prediction,True,,,,6.38,1.36,100.0,0,-100.0,49800.0,49700.0,False,72.5
2025-12-11 18:07:29,min_range,True,,,,4.15,2.25,100.0,0,-100.0,49501.0,49401.0,False,63.9
2025-12-11 18:07:29,prediction,True,,,,4.89,2.25,100.0,0,-100.0,49700.0,49600.0,False,63.9
2025-12-11 18:07:43,min_range,True,,,,5.02,1.3,100.0,0,-100.0,49401.0,49301.0,False,67.0
2025-12-11 18:07:43,prediction,True,,,,5.9,1.3,100.0,0,-100.0,49600.0,49500.0,False,67.0
2025-12-11 18:08:04,min_range,True,,,,4.73,1.96,100.0,0,-100.0,49301.0,49201.0,False,50
2025-12-11 18:08:04,prediction,True,,,,5.56,1.96,100.0,0,-100.0,49500.0,49400.0,False,50
2025-12-11 18:08:13,min_range,True,,,,5.91,1.01,100.0,0,-100.0,49201.0,49101.0,False,50
2025-12-11 18:08:13,prediction,True,,,,6.96,1.01,100.0,0,-100.0,49400.0,49300.0,False,50
2025-12-11 18:08:32,min_range,True,,,,5.56,1.58,100.0,0,-100.0,49101.0,49001.0,False,50
2025-12-11 18:08:32,prediction,True,,,,6.55,1.58,100.0,0,-100.0,49300.0,49200.0,False,50
2025-12-11 18:08:47,min_range,True,,,,6.68,1.43,100.0,0,-100.0,49001.0,48901.0,False,50
2025-12-11 18:08:47,prediction,True,,,,7.86,1.43,100.0,0,-100.0,49200.0,49100.0,False,50
2025-12-11 18:09:20,min_range,True,,,,5.87,6.43,100.0,587.0,487.0,48901.0,49388.0,True,88.3
2025-12-11 18:09:20,prediction,True,,,,5.87,6.43,100.0,643.0,543.0,49100.0,49643.0,True,88.3
2025-12-11 18:10:05,min_range,True,,,,18.31,16.13,100.0,0,-100.0,49388.0,49288.0,False,68.1
2025-12-11 18:10:05,prediction,True,,,,21.55,16.13,100.0,0,-100.0,49643.0,49543.0,False,68.1
2025-12-11 18:10:25,min_range,True,,,,12.79,1.08,100.0,0,-100.0,49288.0,49188.0,False,50
2025-12-11 18:10:25,prediction,True,,,,15.05,1.08,100.0,0,-100.0,49543.0,49443.0,False,50
2025-12-11 18:11:07,min_range,True,,,,9.17,9.69,100.0,917.0,817.0,49188.0,50000.0,True,74.3
2025-12-11 18:11:07,prediction,True,,,,10.79,9.69,100.0,0,-100.0,49443.0,49343.0,False,74.3
2025-12-11 18:11:39,min_range,True,,,,5.0,5.58,100.0,500.0,400.0,50000.0,50000.0,True,54.1
2025-12-11 18:11:39,prediction,True,,,,5.89,5.58,100.0,558.0,458.0,49343.0,49801.0,True,54.1
2025-12-11 18:12:03,min_range,True,,,,5.51,2.71,100.0,0,-100.0,50000.0,49900.0,False,56.6
2025-12-11 18:12:03,prediction,True,,,,6.48,2.71,100.0,0,-100.0,49801.0,49701.0,False,56.6
2025-12-11 18:12:41,min_range,True,,,,7.26,8.66,100.0,726.0,626.0,49900.0,50000.0,True,84.1
2025-12-11 18:12:41,prediction,True,,,,8.25,8.66,100.0,866.0,766.0,49234.0,50000.0,True,84.1
2025-12-11 18:12:58,min_range,True,,,,2.83,1.28,100.0,0,-100.0,50000.0,49900.0,False,51.4
2025-12-11 18:12:58,prediction,True,,,,3.33,1.28,100.0,0,-100.0,50000.0,49900.0,False,51.4
2025-12-11 18:13:37,min_range,True,,,,12.49,12.26,100.0,0,-100.0,49900.0,49800.0,False,50.5
2025-12-11 18:13:37,prediction,True,,,,14.69,12.26,100.0,0,-100.0,49900.0,49800.0,False,50.5
2025-12-11 18:13:58,min_range,True,,,,7.54,1.72,100.0,0,-100.0,49800.0,49700.0,False,50
2025-12-11 18:13:58,prediction,True,,,,8.87,1.72,100.0,0,-100.0,49800.0,49700.0,False,50
2025-12-11 18:14:30,min_range,True,,,,6.02,5.86,100.0,0,-100.0,49700.0,49600.0,False,79.1
2025-12-11 18:14:30,prediction,True,,,,7.3,5.86,100.0,0,-100.0,49700.0,49600.0,False,79.1
2025-12-11 18:14:57,min_range,True,,,,6.34,2.59,100.0,0,-100.0,49600.0,49500.0,False,73.7
2025-12-11 18:14:57,prediction,True,,,,6.34,2.59,100.0,0,-100.0,49600.0,49500.0,False,73.7
2025-12-11 18:15:40,min_range,True,,,,8.07,1.52,100.0,0,-100.0,49500.0,49400.0,False,50
2025-12-11 18:15:40,prediction,True,,,,9.49,1.52,100.0,0,-100.0,49500.0,49400.0,False,50
2025-12-11 18:15:40,min_range,True,,,,8.07,3.17,100.0,0,-100.0,49400.0,49300.0,False,50
2025-12-11 18:15:40,prediction,True,,,,9.49,3.17,100.0,0,-100.0,49400.0,49300.0,False,50
2025-12-11 18:15:55,min_range,True,,,,3.94,1.13,100.0,0,-100.0,49300.0,49200.0,False,62.9
2025-12-11 18:15:55,prediction,True,,,,4.63,1.13,100.0,0,-100.0,49300.0,49200.0,False,62.9
2025-12-11 18:16:08,min_range,True,,,,4.75,1.11,100.0,0,-100.0,49200.0,49100.0,False,62.4
2025-12-11 18:16:08,prediction,True,,,,5.59,1.11,100.0,0,-100.0,49200.0,49100.0,False,62.4
2025-12-11 18:16:22,min_range,True,,,,3.53,1.16,100.0,0,-100.0,49100.0,49000.0,False,57.2
2025-12-11 18:16:22,prediction,True,,,,4.16,1.16,100.0,0,-100.0,49100.0,49000.0,False,57.2
2025-12-11 18:16:52,min_range,True,,,,9.37,5.3,100.0,0,-100.0,49000.0,48900.0,False,65.4
2025-12-11 18:16:52,prediction,True,,,,11.02,5.3,100.0,0,-100.0,49000.0,48900.0,False,65.4
2025-12-11 18:17:15,min_range,True,,,,6.09,2.26,100.0,0,-100.0,48900.0,48800.0,False,69.2
2025-12-11 18:17:15,prediction,True,,,,6.09,2.26,100.0,0,-100.0,48900.0,48800.0,False,69.2
2025-12-11 18:17:35,min_range,True,,,,4.05,2.19,100.0,0,-100.0,48800.0,48700.0,False,69.0
2025-12-11 18:17:35,prediction,True,,,,4.76,2.19,100.0,0,-100.0,48800.0,48700.0,False,69.0
2025-12-11 18:17:55,min_range,True,,,,3.89,1.72,100.0,0,-100.0,48700.0,48600.0,False,50.9
2025-12-11 18:17:55,prediction,True,,,,4.58,1.72,100.0,0,-100.0,48700.0,48600.0,False,50.9
2025-12-11 18:18:12,min_range,True,,,,3.62,1.78,100.0,0,-100.0,48600.0,48500.0,False,50
2025-12-11 18:18:12,prediction,True,,,,4.26,1.78,100.0,0,-100.0,48600.0,48500.0,False,50
2025-12-11 18:18:28,min_range,True,,,,3.24,1.42,100.0,0,-100.0,48500.0,48400.0,False,64.5
2025-12-11 18:18:28,prediction,True,,,,3.81,1.42,100.0,0,-100.0,48500.0,48400.0,False,64.5
2025-12-11 18:18:40,min_range,True,,,,2.85,1.07,100.0,0,-100.0,48400.0,48300.0,False,51.9
2025-12-11 18:18:40,prediction,True,,,,3.36,1.07,100.0,0,-100.0,48400.0,48300.0,False,51.9
2025-12-11 18:18:54,min_range,True,,,,2.97,1.16,100.0,0,-100.0,48300.0,48200.0,False,53.1
2025-12-11 18:18:54,prediction,True,,,,3.5,1.16,100.0,0,-100.0,48300.0,48200.0,False,53.1
2025-12-11 18:19:47,min_range,True,,,,22.33,47.03,100.0,2233.0,2133.0,48200.0,50000.0,True,50
2025-12-11 18:19:47,prediction,True,,,,26.28,47.03,100.0,4703.0,4603.0,45397.0,50000.0,True,50
2025-12-11 18:20:11,min_range,True,,,,3.74,2.08,100.0,0,-100.0,50000.0,49900.0,False,60.5
2025-12-11 18:20:11,prediction,True,,,,4.4,2.08,100.0,0,-100.0,50000.0,49900.0,False,60.5
2025-12-11 18:20:34,min_range,True,,,,4.47,2.9,100.0,0,-100.0,49900.0,49800.0,False,50
2025-12-11 18:20:34,prediction,True,,,,5.26,2.9,100.0,0,-100.0,49900.0,49800.0,False,50
2025-12-11 18:20:50,min_range,True,,,,8.47,1.2,100.0,0,-100.0,49800.0,49700.0,False,50
2025-12-11 18:20:50,prediction,True,,,,9.97,1.2,100.0,0,-100.0,49800.0,49700.0,False,50
2025-12-11 18:21:48,min_range,True,,,,28.9,56.84,100.0,2890.0,2790.0,49700.0,50000.0,True,50
2025-12-11 18:21:48,prediction,True,,,,34.0,56.84,100.0,5684.0,5584.0,44416.0,50000.0,True,50
2025-12-11 18:22:22,min_range,True,,,,5.9,1.12,100.0,0,-100.0,50000.0,49900.0,False,50
2025-12-11 18:22:22,prediction,True,,,,6.94,1.12,100.0,0,-100.0,50000.0,49900.0,False,50
2025-12-11 18:22:55,min_range,True,,,,6.79,7.5,100.0,679.0,579.0,49900.0,50000.0,True,88.5
2025-12-11 18:22:55,prediction,True,,,,6.79,7.5,100.0,750.0,650.0,49350.0,50000.0,True,88.5
2025-12-11 18:23:19,min_range,True,,,,10.06,2.62,100.0,0,-100.0,50000.0,49900.0,False,50
2025-12-11 18:23:19,prediction,True,,,,11.84,2.62,100.0,0,-100.0,50000.0,49900.0,False,50
2025-12-11 18:23:40,min_range,True,,,,11.46,2.21,100.0,0,-100.0,49900.0,49800.0,False,50
2025-12-11 18:23:40,prediction,True,,,,13.48,2.21,100.0,0,-100.0,49900.0,49800.0,False,50
2025-12-11 18:24:09,min_range,True,,,,5.89,4.91,100.0,0,-100.0,49800.0,49700.0,False,72.6
2025-12-11 18:24:09,prediction,True,,,,6.52,4.91,100.0,0,-100.0,49800.0,49700.0,False,72.6
2025-12-11 18:24:25,min_range,True,,,,3.13,1.27,100.0,0,-100.0,49700.0,49600.0,False,57.2
2025-12-11 18:24:25,prediction,True,,,,3.68,1.27,100.0,0,-100.0,49700.0,49600.0,False,57.2
2025-12-11 18:24:44,min_range,True,,,,3.13,1.95,100.0,0,-100.0,49600.0,49500.0,False,57.2
2025-12-11 18:24:44,min_range,True,,,,3.13,1.95,100.0,0,-100.0,49500.0,49400.0,False,57.2
2025-12-11 18:24:44,prediction,True,,,,3.68,1.95,100.0,0,-100.0,49500.0,49400.0,False,57.2
2025-12-11 18:24:44,prediction,True,,,,3.68,1.95,100.0,0,-100.0,49500.0,49500.0,False,57.2
2025-12-11 18:25:01,min_range,True,,,,3.74,1.17,100.0,0,-100.0,49400.0,49300.0,False,57.2
2025-12-11 18:25:01,prediction,True,,,,4.4,1.17,100.0,0,-100.0,49400.0,49300.0,False,57.2
2025-12-11 18:25:14,min_range,True,,,,3.93,1.05,100.0,0,-100.0,49300.0,49200.0,False,55.9
2025-12-11 18:25:14,prediction,True,,,,4.62,1.05,100.0,0,-100.0,49300.0,49200.0,False,55.9
2025-12-11 18:25:27,min_range,True,,,,3.31,1.21,100.0,0,-100.0,49200.0,49100.0,False,50
2025-12-11 18:25:27,prediction,True,,,,3.89,1.21,100.0,0,-100.0,49200.0,49100.0,False,50
2025-12-11 18:26:12,min_range,True,,,,11.38,19.7,100.0,1138.0,1038.0,49100.0,50000.0,True,70.0
2025-12-11 18:26:12,prediction,True,,,,13.38,19.7,100.0,1970.0,1870.0,48130.0,50000.0,True,70.0
2025-12-11 18:26:26,min_range,True,,,,4.11,1.08,100.0,0,-100.0,50000.0,49900.0,False,57.5
2025-12-11 18:26:26,prediction,True,,,,4.84,1.08,100.0,0,-100.0,50000.0,49900.0,False,57.5
2025-12-11 18:26:37,min_range,True,,,,2.97,1.0,100.0,0,-100.0,49900.0,49800.0,False,59.9
2025-12-11 18:26:37,prediction,True,,,,3.5,1.0,100.0,0,-100.0,49900.0,49800.0,False,59.9
2025-12-11 18:27:00,min_range,True,,,,6.04,2.58,100.0,0,-100.0,49800.0,49700.0,False,70.3
2025-12-11 18:27:00,prediction,True,,,,6.04,2.58,100.0,0,-100.0,49800.0,49700.0,False,70.3
2025-12-11 18:27:38,min_range,True,,,,7.02,9.2,100.0,702.0,602.0,49700.0,50000.0,True,89.9
2025-12-11 18:27:38,prediction,True,,,,8.19,9.2,100.0,920.0,820.0,49180.0,50000.0,True,89.9
2025-12-11 18:28:19,min_range,True,,,,7.57,12.11,100.0,757.0,657.0,50000.0,50000.0,True,80.6
2025-12-11 18:28:19,prediction,True,,,,9.65,12.11,100.0,1211.0,1111.0,48889.0,50000.0,True,80.6
2025-12-11 18:28:32,min_range,True,,,,6.18,1.06,100.0,0,-100.0,50000.0,49900.0,False,50
2025-12-11 18:28:32,prediction,True,,,,7.27,1.06,100.0,0,-100.0,50000.0,49900.0,False,50
2025-12-11 18:28:51,min_range,True,,,,6.74,1.64,100.0,0,-100.0,49900.0,49800.0,False,50
2025-12-11 18:28:51,prediction,True,,,,7.93,1.64,100.0,0,-100.0,49900.0,49800.0,False,50
2025-12-11 18:29:18,min_range,True,,,,4.14,4.64,100.0,414.0,314.0,49800.0,50000.0,True,73.7
2025-12-11 18:29:18,prediction,True,,,,4.86,4.64,100.0,464.0,364.0,49636.0,50000.0,True,73.7
2025-12-11 18:30:10,min_range,True,,,,15.84,28.85,100.0,1584.0,1484.0,50000.0,50000.0,True,54.3
2025-12-11 18:30:10,prediction,True,,,,18.63,28.85,100.0,2885.0,2785.0,47215.0,50000.0,True,54.3
2025-12-11 18:30:44,min_range,True,,,,15.84,4.74,100.0,0,-100.0,50000.0,49900.0,False,54.3
2025-12-11 18:30:44,prediction,True,,,,18.63,4.74,100.0,0,-100.0,49900.0,49900.0,False,54.3
2025-12-11 18:30:44,min_range,True,,,,15.84,4.74,100.0,0,-100.0,49900.0,49800.0,False,54.3
2025-12-11 18:30:44,prediction,True,,,,18.63,4.74,100.0,0,-100.0,49900.0,49800.0,False,54.3
2025-12-11 18:31:04,min_range,True,,,,4.9,1.33,100.0,0,-100.0,49800.0,49700.0,False,50
2025-12-11 18:31:04,prediction,True,,,,5.77,1.33,100.0,0,-100.0,49800.0,49700.0,False,50
2025-12-11 18:31:39,min_range,True,,,,6.57,7.56,100.0,657.0,557.0,49700.0,50000.0,True,88.6
2025-12-11 18:31:39,prediction,True,,,,6.57,7.56,100.0,756.0,656.0,49344.0,50000.0,True,88.6
2025-12-11 18:31:56,min_range,True,,,,2.8,1.07,100.0,0,-100.0,50000.0,49900.0,False,55.9
2025-12-11 18:31:56,prediction,True,,,,3.29,1.07,100.0,0,-100.0,50000.0,49900.0,False,55.9
2025-12-11 18:32:19,min_range,True,,,,2.02,2.8,100.0,202.0,102.0,49900.0,50000.0,True,50
2025-12-11 18:32:19,prediction,True,,,,2.37,2.8,100.0,280.0,180.0,49820.0,50000.0,True,50
2025-12-11 18:33:27,min_range,True,,,,9.37,10.3,100.0,937.0,837.0,50000.0,50000.0,True,87.8
2025-12-11 18:33:27,prediction,True,,,,10.07,10.3,100.0,1030.0,930.0,49070.0,50000.0,True,87.8
2025-12-11 18:34:07,min_range,True,,,,9.21,10.31,100.0,921.0,821.0,50000.0,50000.0,True,50
2025-12-11 18:34:07,prediction,True,,,,10.83,10.31,100.0,1031.0,931.0,49069.0,50000.0,True,50
2025-12-11 18:34:30,min_range,True,,,,5.97,2.22,100.0,0,-100.0,50000.0,49900.0,False,50
2025-12-11 18:34:30,prediction,True,,,,7.03,2.22,100.0,0,-100.0,50000.0,49900.0,False,50
2025-12-11 18:34:51,min_range,True,,,,3.63,2.2,100.0,0,-100.0,49900.0,49800.0,False,64.7
2025-12-11 18:34:51,prediction,True,,,,4.27,2.2,100.0,0,-100.0,49900.0,49800.0,False,64.7
2025-12-11 18:35:12,min_range,True,,,,3.41,2.24,100.0,0,-100.0,49800.0,49700.0,False,59.9
2025-12-11 18:35:12,prediction,True,,,,4.02,2.24,100.0,0,-100.0,49800.0,49700.0,False,59.9
2025-12-11 18:35:27,min_range,True,,,,3.05,1.12,100.0,0,-100.0,49700.0,49600.0,False,54.5
2025-12-11 18:35:27,prediction,True,,,,3.59,1.12,100.0,0,-100.0,49700.0,49600.0,False,54.5
2025-12-11 18:35:47,min_range,True,,,,5.26,2.42,100.0,0,-100.0,49600.0,49500.0,False,62.0
2025-12-11 18:35:47,prediction,True,,,,6.16,2.42,100.0,0,-100.0,49600.0,49500.0,False,62.0
2025-12-11 18:36:04,min_range,True,,,,3.7,1.4,100.0,0,-100.0,49500.0,49400.0,False,50
2025-12-11 18:36:04,prediction,True,,,,4.35,1.4,100.0,0,-100.0,49500.0,49400.0,False,50
2025-12-11 18:36:19,min_range,True,,,,3.72,1.23,100.0,0,-100.0,49400.0,49300.0,False,54.9
2025-12-11 18:36:19,prediction,True,,,,4.37,1.23,100.0,0,-100.0,49400.0,49300.0,False,54.9
2025-12-11 18:36:44,min_range,True,,,,3.72,4.43,100.0,372.0,272.0,49300.0,49572.0,True,54.9
2025-12-11 18:36:44,min_range,True,,,,3.72,4.43,100.0,372.0,272.0,49572.0,49844.0,True,54.9
2025-12-11 18:36:44,prediction,True,,,,4.37,4.43,100.0,443.0,343.0,49643.0,49643.0,True,54.9
2025-12-11 18:36:44,prediction,True,,,,4.37,4.43,100.0,443.0,343.0,49643.0,49986.0,True,54.9
2025-12-11 18:37:06,min_range,True,,,,4.25,1.72,100.0,0,-100.0,49844.0,49744.0,False,62.7
2025-12-11 18:37:06,prediction,True,,,,5.01,1.72,100.0,0,-100.0,49986.0,49886.0,False,62.7
2025-12-11 18:37:19,min_range,True,,,,3.39,1.18,100.0,0,-100.0,49744.0,49644.0,False,57.4
2025-12-11 18:37:19,prediction,True,,,,3.99,1.18,100.0,0,-100.0,49886.0,49786.0,False,57.4
2025-12-11 18:37:36,min_range,True,,,,6.19,1.37,100.0,0,-100.0,49644.0,49544.0,False,50
2025-12-11 18:37:36,prediction,True,,,,7.28,1.37,100.0,0,-100.0,49786.0,49686.0,False,50
2025-12-11 18:37:59,min_range,True,,,,6.44,2.67,100.0,0,-100.0,49544.0,49444.0,False,66.1
2025-12-11 18:37:59,prediction,True,,,,7.58,2.67,100.0,0,-100.0,49686.0,49586.0,False,66.1
2025-12-11 18:38:13,min_range,True,,,,4.32,1.1,100.0,0,-100.0,49444.0,49344.0,False,56.6
2025-12-11 18:38:13,prediction,True,,,,5.08,1.1,100.0,0,-100.0,49586.0,49486.0,False,56.6
2025-12-11 18:38:29,min_range,True,,,,6.61,1.48,100.0,0,-100.0,49344.0,49244.0,False,50
2025-12-11 18:38:29,prediction,True,,,,7.77,1.48,100.0,0,-100.0,49486.0,49386.0,False,50
2025-12-11 18:39:08,min_range,True,,,,8.6,11.23,100.0,860.0,760.0,49244.0,50000.0,True,77.3
2025-12-11 18:39:08,prediction,True,,,,10.12,11.23,100.0,1123.0,1023.0,48977.0,50000.0,True,77.3
2025-12-11 18:39:32,min_range,True,,,,7.47,2.62,100.0,0,-100.0,50000.0,49900.0,False,60.2
2025-12-11 18:39:32,prediction,True,,,,8.79,2.62,100.0,0,-100.0,50000.0,49900.0,False,60.2
2025-12-11 18:39:59,min_range,True,,,,7.25,3.63,100.0,0,-100.0,49900.0,49800.0,False,58.4
2025-12-11 18:39:59,prediction,True,,,,8.53,3.63,100.0,0,-100.0,49900.0,49800.0,False,58.4
2025-12-11 18:40:43,min_range,True,,,,9.13,13.36,100.0,913.0,813.0,49800.0,50000.0,True,82.9
2025-12-11 18:40:43,prediction,True,,,,10.74,13.36,100.0,1336.0,1236.0,48764.0,50000.0,True,82.9
2025-12-11 18:41:00,min_range,True,,,,5.9,1.49,100.0,0,-100.0,50000.0,49900.0,False,55.3
2025-12-11 18:41:00,prediction,True,,,,6.94,1.49,100.0,0,-100.0,50000.0,49900.0,False,55.3
2025-12-11 18:42:20,min_range,True,,,,50.96,331.56,100.0,5096.0,4996.0,49900.0,50000.0,True,50
2025-12-11 18:42:20,prediction,True,,,,59.96,331.56,100.0,33156.0,33056.0,16944.0,50000.0,True,50
2025-12-11 18:42:41,min_range,True,,,,5.89,2.11,100.0,0,-100.0,50000.0,49900.0,False,50
2025-12-11 18:42:41,prediction,True,,,,6.93,2.11,100.0,0,-100.0,50000.0,49900.0,False,50
2025-12-11 18:42:56,min_range,True,,,,5.16,1.3,100.0,0,-100.0,49900.0,49800.0,False,53.9
2025-12-11 18:42:56,prediction,True,,,,6.07,1.3,100.0,0,-100.0,49900.0,49800.0,False,53.9
2025-12-11 18:43:12,min_range,True,,,,5.03,1.41,100.0,0,-100.0,49800.0,49700.0,False,50
2025-12-11 18:43:12,prediction,True,,,,5.91,1.41,100.0,0,-100.0,49800.0,49700.0,False,50
2025-12-11 18:44:24,min_range,True,,,,5.43,5.02,100.0,0,-100.0,49700.0,49600.0,False,76.7
2025-12-11 18:44:24,prediction,True,,,,6.69,5.02,100.0,0,-100.0,49700.0,49600.0,False,76.7
2025-12-11 18:44:51,min_range,True,,,,4.11,2.72,100.0,0,-100.0,49600.0,49500.0,False,75.6
2025-12-11 18:44:51,prediction,True,,,,4.84,2.72,100.0,0,-100.0,49600.0,49500.0,False,75.6
2025-12-11 18:45:28,min_range,True,,,,9.4,7.61,100.0,0,-100.0,49500.0,49400.0,False,50.0
2025-12-11 18:45:28,prediction,True,,,,11.06,7.61,100.0,0,-100.0,49500.0,49400.0,False,50.0
2025-12-11 18:45:53,min_range,True,,,,4.37,2.72,100.0,0,-100.0,49400.0,49300.0,False,66.0
2025-12-11 18:45:53,prediction,True,,,,5.14,2.72,100.0,0,-100.0,49400.0,49300.0,False,66.0
2025-12-11 18:46:13,min_range,True,,,,4.37,1.95,100.0,0,-100.0,49300.0,49200.0,False,57.8
2025-12-11 18:46:13,prediction,True,,,,5.14,1.95,100.0,0,-100.0,49300.0,49200.0,False,57.8
2025-12-11 18:46:39,min_range,True,,,,9.03,3.68,100.0,0,-100.0,49200.0,49100.0,False,50
2025-12-11 18:46:39,prediction,True,,,,10.62,3.68,100.0,0,-100.0,49200.0,49100.0,False,50
2025-12-11 18:46:55,min_range,True,,,,3.0,1.05,100.0,0,-100.0,49100.0,49000.0,False,50
2025-12-11 18:46:55,prediction,True,,,,3.53,1.05,100.0,0,-100.0,49100.0,49000.0,False,50
2025-12-11 18:47:11,min_range,True,,,,3.42,1.46,100.0,0,-100.0,49000.0,48900.0,False,61.5
2025-12-11 18:47:11,prediction,True,,,,4.02,1.46,100.0,0,-100.0,49000.0,48900.0,False,61.5
2025-12-11 18:47:29,min_range,True,,,,3.36,1.63,100.0,0,-100.0,48900.0,48800.0,False,59.5
2025-12-11 18:47:29,prediction,True,,,,3.96,1.63,100.0,0,-100.0,48900.0,48800.0,False,59.5
2025-12-11 18:47:48,min_range,True,,,,5.6,1.74,100.0,0,-100.0,48800.0,48700.0,False,50
2025-12-11 18:47:48,prediction,True,,,,6.59,1.74,100.0,0,-100.0,48800.0,48700.0,False,50
2025-12-11 18:48:04,min_range,True,,,,5.28,1.12,100.0,0,-100.0,48700.0,48600.0,False,50
2025-12-11 18:48:04,prediction,True,,,,6.21,1.12,100.0,0,-100.0,48700.0,48600.0,False,50
2025-12-11 18:48:20,min_range,True,,,,5.99,1.48,100.0,0,-100.0,48600.0,48500.0,False,50
2025-12-11 18:48:20,prediction,True,,,,7.04,1.48,100.0,0,-100.0,48600.0,48500.0,False,50
2025-12-11 18:48:32,min_range,True,,,,5.54,1.0,100.0,0,-100.0,48500.0,48400.0,False,50
2025-12-11 18:48:32,prediction,True,,,,6.51,1.0,100.0,0,-100.0,48500.0,48400.0,False,50
2025-12-11 18:48:52,min_range,True,,,,4.59,2.14,100.0,0,-100.0,48400.0,48300.0,False,73.6
2025-12-11 18:48:52,prediction,True,,,,4.59,2.14,100.0,0,-100.0,48400.0,48300.0,False,73.6
2025-12-11 18:49:15,min_range,True,,,,4.05,2.51,100.0,0,-100.0,48300.0,48200.0,False,71.5
2025-12-11 18:49:15,prediction,True,,,,4.76,2.51,100.0,0,-100.0,48300.0,48200.0,False,71.5
2025-12-11 18:49:35,min_range,True,,,,4.08,1.84,100.0,0,-100.0,48200.0,48100.0,False,50
2025-12-11 18:49:35,prediction,True,,,,4.8,1.84,100.0,0,-100.0,48200.0,48100.0,False,50
2025-12-11 18:49:56,min_range,True,,,,3.92,2.27,100.0,0,-100.0,48100.0,48000.0,False,61.0
2025-12-11 18:49:56,prediction,True,,,,4.61,2.27,100.0,0,-100.0,48100.0,48000.0,False,61.0
2025-12-11 18:50:29,min_range,True,,,,7.85,6.8,100.0,0,-100.0,48000.0,47900.0,False,93.4
2025-12-11 18:50:29,prediction,True,,,,7.85,6.8,100.0,0,-100.0,48000.0,47900.0,False,93.4
2025-12-11 18:50:57,min_range,True,,,,4.48,3.13,100.0,0,-100.0,47900.0,47800.0,False,62.1
2025-12-11 18:50:57,prediction,True,,,,5.27,3.13,100.0,0,-100.0,47900.0,47800.0,False,62.1
2025-12-11 18:51:24,min_range,True,,,,5.0,3.9,100.0,0,-100.0,47800.0,47700.0,False,70.5
2025-12-11 18:51:24,prediction,True,,,,5.88,3.9,100.0,0,-100.0,47800.0,47700.0,False,70.5
2025-12-11 18:51:50,min_range,True,,,,4.52,2.81,100.0,0,-100.0,47700.0,47600.0,False,73.0
2025-12-11 18:51:50,prediction,True,,,,5.32,2.81,100.0,0,-100.0,47700.0,47600.0,False,73.0
2025-12-11 18:52:05,min_range,True,,,,3.27,1.35,100.0,0,-100.0,47600.0,47500.0,False,60.9
2025-12-11 18:52:05,prediction,True,,,,3.85,1.35,100.0,0,-100.0,47600.0,47500.0,False,60.9
2025-12-11 18:52:29,min_range,True,,,,5.52,2.41,100.0,0,-100.0,47500.0,47400.0,False,68.2
2025-12-11 18:52:29,prediction,True,,,,6.49,2.41,100.0,0,-100.0,47500.0,47400.0,False,68.2
2025-12-11 18:52:43,min_range,True,,,,5.3,1.13,100.0,0,-100.0,47400.0,47300.0,False,53.0
2025-12-11 18:52:43,prediction,True,,,,5.3,1.13,100.0,0,-100.0,47400.0,47300.0,False,53.0
2025-12-11 18:53:00,min_range,True,,,,3.03,1.3,100.0,0,-100.0,47300.0,47200.0,False,67.3
2025-12-11 18:53:00,prediction,True,,,,3.57,1.3,100.0,0,-100.0,47300.0,47200.0,False,67.3
2025-12-11 18:53:00,min_range,True,,,,3.03,1.06,100.0,0,-100.0,47200.0,47100.0,False,67.3
2025-12-11 18:53:00,prediction,True,,,,3.57,1.06,100.0,0,-100.0,47200.0,47100.0,False,67.3
2025-12-11 18:53:00,min_range,True,,,,3.03,1.45,100.0,0,-100.0,47100.0,47000.0,False,67.3
2025-12-11 18:53:00,prediction,True,,,,3.57,1.45,100.0,0,-100.0,47100.0,47000.0,False,67.3
2025-12-11 18:53:00,min_range,True,,,,3.03,9.35,100.0,303.0,203.0,47000.0,47203.0,True,67.3
2025-12-11 18:53:00,prediction,True,,,,3.57,9.35,100.0,935.0,835.0,47000.0,47835.0,True,67.3
2025-12-11 18:53:00,min_range,True,,,,3.03,1.63,100.0,0,-100.0,47203.0,47103.0,False,67.3
2025-12-11 18:53:00,min_range,True,,,,3.03,1.63,100.0,0,-100.0,47103.0,47003.0,False,67.3
2025-12-11 18:53:00,prediction,True,,,,3.57,1.63,100.0,0,-100.0,47735.0,47735.0,False,67.3
2025-12-11 18:53:00,prediction,True,,,,3.57,1.63,100.0,0,-100.0,47735.0,47635.0,False,67.3
2025-12-11 18:53:12,min_range,True,,,,3.15,1.11,100.0,0,-100.0,47003.0,46903.0,False,64.5
2025-12-11 18:53:12,prediction,True,,,,3.71,1.11,100.0,0,-100.0,47635.0,47535.0,False,64.5
2025-12-11 18:53:28,min_range,True,,,,7.22,1.55,100.0,0,-100.0,46903.0,46803.0,False,56.4
2025-12-11 18:53:28,prediction,True,,,,8.5,1.55,100.0,0,-100.0,47535.0,47435.0,False,56.4
2025-12-11 18:53:43,min_range,True,,,,6.88,1.46,100.0,0,-100.0,46803.0,46703.0,False,55.9
2025-12-11 18:53:43,prediction,True,,,,8.1,1.46,100.0,0,-100.0,47435.0,47335.0,False,55.9
2025-12-11 18:54:02,min_range,True,,,,4.35,1.98,100.0,0,-100.0,46703.0,46603.0,False,72.8
2025-12-11 18:54:02,prediction,True,,,,5.12,1.98,100.0,0,-100.0,47335.0,47235.0,False,72.8
2025-12-11 18:54:23,min_range,True,,,,5.21,2.2,100.0,0,-100.0,46603.0,46503.0,False,64.4
2025-12-11 18:54:23,prediction,True,,,,6.14,2.2,100.0,0,-100.0,47235.0,47135.0,False,64.4
2025-12-11 18:54:48,min_range,True,,,,10.72,3.52,100.0,0,-100.0,46503.0,46403.0,False,50
2025-12-11 18:54:48,prediction,True,,,,12.61,3.52,100.0,0,-100.0,47135.0,47035.0,False,50
2025-12-11 18:55:16,min_range,True,,,,6.83,4.11,100.0,0,-100.0,46403.0,46303.0,False,69.8
2025-12-11 18:55:16,prediction,True,,,,8.03,4.11,100.0,0,-100.0,47035.0,46935.0,False,69.8
2025-12-11 18:55:29,min_range,True,,,,5.84,1.08,100.0,0,-100.0,46303.0,46203.0,False,50
2025-12-11 18:55:29,prediction,True,,,,6.87,1.08,100.0,0,-100.0,46935.0,46835.0,False,50
2025-12-11 18:56:13,min_range,True,,,,9.82,17.02,100.0,982.0,882.0,46203.0,47085.0,True,67.2
2025-12-11 18:56:13,prediction,True,,,,11.55,17.02,100.0,1702.0,1602.0,46835.0,48437.0,True,67.2
2025-12-11 18:56:38,min_range,True,,,,9.82,2.98,100.0,0,-100.0,47085.0,46985.0,False,67.2
2025-12-11 18:56:38,prediction,True,,,,11.55,2.98,100.0,0,-100.0,48437.0,48337.0,False,67.2
2025-12-11 18:56:53,min_range,True,,,,4.13,1.17,100.0,0,-100.0,46985.0,46885.0,False,50
2025-12-11 18:56:53,prediction,True,,,,4.86,1.17,100.0,0,-100.0,48337.0,48237.0,False,50
2025-12-11 18:57:19,min_range,True,,,,4.46,3.43,100.0,0,-100.0,46885.0,46785.0,False,80.2
2025-12-11 18:57:19,prediction,True,,,,5.24,3.43,100.0,0,-100.0,48237.0,48137.0,False,80.2
2025-12-11 18:57:37,min_range,True,,,,4.46,1.65,100.0,0,-100.0,46785.0,46685.0,False,80.2
2025-12-11 18:57:37,prediction,True,,,,5.24,1.65,100.0,0,-100.0,48137.0,48037.0,False,80.2
2025-12-11 18:57:53,min_range,True,,,,3.49,1.52,100.0,0,-100.0,46685.0,46585.0,False,60.1
2025-12-11 18:57:53,prediction,True,,,,4.11,1.52,100.0,0,-100.0,48037.0,47937.0,False,60.1
2025-12-11 18:58:08,min_range,True,,,,3.89,1.11,100.0,0,-100.0,46585.0,46485.0,False,66.3
2025-12-11 18:58:08,prediction,True,,,,4.57,1.11,100.0,0,-100.0,47937.0,47837.0,False,66.3
2025-12-11 18:58:19,min_range,True,,,,6.71,1.13,100.0,0,-100.0,46485.0,46385.0,False,50
2025-12-11 18:58:19,prediction,True,,,,7.9,1.13,100.0,0,-100.0,47837.0,47737.0,False,50
2025-12-11 18:58:38,min_range,True,,,,6.71,2.27,100.0,0,-100.0,46385.0,46285.0,False,50
2025-12-11 18:58:38,prediction,True,,,,7.9,2.27,100.0,0,-100.0,47737.0,47637.0,False,50
2025-12-11 18:58:59,min_range,True,,,,7.55,1.8,100.0,0,-100.0,46285.0,46185.0,False,50
2025-12-11 18:58:59,prediction,True,,,,8.88,1.8,100.0,0,-100.0,47637.0,47537.0,False,50
2025-12-11 18:59:14,min_range,True,,,,4.67,1.18,100.0,0,-100.0,46185.0,46085.0,False,70.5
2025-12-11 18:59:14,prediction,True,,,,5.49,1.18,100.0,0,-100.0,47537.0,47437.0,False,70.5
2025-12-11 18:59:41,min_range,True,,,,5.02,4.66,100.0,0,-100.0,46085.0,45985.0,False,59.3
2025-12-11 18:59:41,prediction,True,,,,5.9,4.66,100.0,0,-100.0,47437.0,47337.0,False,59.3
2025-12-11 18:59:56,min_range,True,,,,5.73,1.37,100.0,0,-100.0,45985.0,45885.0,False,80.5
2025-12-11 18:59:56,prediction,True,,,,6.74,1.37,100.0,0,-100.0,47337.0,47237.0,False,80.5
2025-12-11 19:00:17,min_range,True,,,,8.33,1.87,100.0,0,-100.0,45885.0,45785.0,False,50
2025-12-11 19:00:17,prediction,True,,,,9.8,1.87,100.0,0,-100.0,47237.0,47137.0,False,50
2025-12-11 19:00:47,min_range,True,,,,5.58,4.91,100.0,0,-100.0,45785.0,45685.0,False,61.5
2025-12-11 19:00:47,prediction,True,,,,6.56,4.91,100.0,0,-100.0,47137.0,47037.0,False,61.5
2025-12-11 19:01:20,min_range,True,,,,5.48,5.93,100.0,548.0,448.0,45685.0,46133.0,True,81.7
2025-12-11 19:01:20,prediction,True,,,,6.63,5.93,100.0,0,-100.0,47037.0,46937.0,False,81.7
2025-12-11 19:01:38,min_range,True,,,,7.35,1.64,100.0,0,-100.0,46133.0,46033.0,False,50
2025-12-11 19:01:38,prediction,True,,,,8.65,1.64,100.0,0,-100.0,46937.0,46837.0,False,50
2025-12-11 19:01:53,min_range,True,,,,5.43,1.06,100.0,0,-100.0,46033.0,45933.0,False,50
2025-12-11 19:01:53,prediction,True,,,,6.38,1.06,100.0,0,-100.0,46837.0,46737.0,False,50
2025-12-11 19:02:08,min_range,True,,,,5.43,1.51,100.0,0,-100.0,45933.0,45833.0,False,50
2025-12-11 19:02:08,prediction,True,,,,6.38,1.51,100.0,0,-100.0,46737.0,46637.0,False,50
2025-12-11 19:02:23,min_range,True,,,,3.22,1.59,100.0,0,-100.0,45833.0,45733.0,False,66.5
2025-12-11 19:02:23,prediction,True,,,,3.79,1.59,100.0,0,-100.0,46637.0,46537.0,False,66.5
2025-12-11 19:02:37,min_range,True,,,,3.13,1.12,100.0,0,-100.0,45733.0,45633.0,False,64.7
2025-12-11 19:02:37,prediction,True,,,,3.68,1.12,100.0,0,-100.0,46537.0,46437.0,False,64.7
2025-12-11 19:03:14,min_range,True,,,,6.63,1.14,100.0,0,-100.0,45633.0,45533.0,False,50.5
2025-12-11 19:03:14,prediction,True,,,,7.8,1.14,100.0,0,-100.0,46437.0,46337.0,False,50.5
2025-12-11 19:03:14,min_range,True,,,,6.63,3.12,100.0,0,-100.0,45533.0,45433.0,False,50.5
2025-12-11 19:03:14,prediction,True,,,,7.8,3.12,100.0,0,-100.0,46337.0,46237.0,False,50.5
2025-12-11 19:03:30,min_range,True,,,,4.92,1.43,100.0,0,-100.0,45433.0,45333.0,False,53.8
2025-12-11 19:03:30,prediction,True,,,,5.79,1.43,100.0,0,-100.0,46237.0,46137.0,False,53.8
2025-12-11 19:03:51,min_range,True,,,,3.97,2.14,100.0,0,-100.0,45333.0,45233.0,False,73.9
2025-12-11 19:03:51,prediction,True,,,,4.67,2.14,100.0,0,-100.0,46137.0,46037.0,False,73.9
2025-12-11 19:04:33,min_range,True,,,,5.43,1.15,100.0,0,-100.0,45233.0,45133.0,False,81.0
2025-12-11 19:04:33,prediction,True,,,,6.28,1.15,100.0,0,-100.0,46037.0,45937.0,False,81.0
2025-12-11 19:04:33,min_range,True,,,,5.43,5.47,100.0,543.0,443.0,45133.0,45576.0,True,81.0
2025-12-11 19:04:33,prediction,True,,,,6.28,5.47,100.0,0,-100.0,45937.0,45837.0,False,81.0
2025-12-11 19:05:02,min_range,True,,,,7.15,4.36,100.0,0,-100.0,45576.0,45476.0,False,64.8
2025-12-11 19:05:02,prediction,True,,,,8.41,4.36,100.0,0,-100.0,45837.0,45737.0,False,64.8
2025-12-11 19:06:41,min_range,True,,,,8.98,1.0,100.0,0,-100.0,45476.0,45376.0,False,50
2025-12-11 19:06:41,prediction,True,,,,10.57,1.0,100.0,0,-100.0,45737.0,45637.0,False,50
2025-12-11 19:06:53,min_range,True,,,,7.0,1.14,100.0,0,-100.0,45376.0,45276.0,False,50
2025-12-11 19:06:53,prediction,True,,,,8.23,1.14,100.0,0,-100.0,45637.0,45537.0,False,50
2025-12-11 19:07:39,min_range,True,,,,4.98,115.67,100.0,498.0,398.0,45276.0,45674.0,True,50
2025-12-11 19:07:39,prediction,True,,,,5.86,115.67,100.0,11567.0,11467.0,38533.0,50000.0,True,50
2025-12-11 19:07:39,min_range,True,,,,4.98,1.14,100.0,0,-100.0,45674.0,45574.0,False,50
2025-12-11 19:07:39,prediction,True,,,,5.86,1.14,100.0,0,-100.0,50000.0,49900.0,False,50
2025-12-11 19:07:39,min_range,True,,,,4.98,5.66,100.0,498.0,398.0,45574.0,45972.0,True,50
2025-12-11 19:07:39,prediction,True,,,,5.86,5.66,100.0,566.0,466.0,49534.0,50000.0,True,50
2025-12-11 19:07:39,min_range,True,,,,4.98,1.13,100.0,0,-100.0,45972.0,45872.0,False,50
2025-12-11 19:07:39,prediction,True,,,,5.86,1.13,100.0,0,-100.0,50000.0,49900.0,False,50
2025-12-11 19:08:00,min_range,True,,,,6.92,2.67,100.0,0,-100.0,45872.0,45772.0,False,50
2025-12-11 19:08:00,prediction,True,,,,8.14,2.67,100.0,0,-100.0,49900.0,49800.0,False,50
2025-12-11 19:08:28,min_range,True,,,,5.93,3.9,100.0,0,-100.0,45772.0,45672.0,False,69.5
2025-12-11 19:08:28,prediction,True,,,,6.29,3.9,100.0,0,-100.0,49800.0,49700.0,False,69.5
2025-12-11 19:08:59,min_range,True,,,,8.05,5.39,100.0,0,-100.0,45672.0,45572.0,False,50
2025-12-11 19:08:59,prediction,True,,,,9.48,5.39,100.0,0,-100.0,49700.0,49600.0,False,50
2025-12-11 19:09:44,min_range,True,,,,8.05,11.8,100.0,805.0,705.0,45572.0,46277.0,True,50
2025-12-11 19:09:44,min_range,True,,,,8.05,11.8,100.0,805.0,705.0,46277.0,46982.0,True,50
2025-12-11 19:09:44,prediction,True,,,,9.48,11.8,100.0,1180.0,1080.0,48920.0,50000.0,True,50
2025-12-11 19:09:44,prediction,True,,,,9.48,11.8,100.0,1180.0,1080.0,48920.0,50000.0,True,50
2025-12-11 19:10:25,min_range,True,,,,6.51,1.39,100.0,0,-100.0,46982.0,46882.0,False,60.8
2025-12-11 19:10:25,prediction,True,,,,7.66,1.39,100.0,0,-100.0,50000.0,49900.0,False,60.8
2025-12-11 19:10:25,min_range,True,,,,6.51,2.64,100.0,0,-100.0,46882.0,46782.0,False,60.8
2025-12-11 19:10:25,prediction,True,,,,7.66,2.64,100.0,0,-100.0,49900.0,49800.0,False,60.8
2025-12-11 19:10:43,min_range,True,,,,3.75,1.41,100.0,0,-100.0,46782.0,46682.0,False,58.0
2025-12-11 19:10:43,prediction,True,,,,4.41,1.41,100.0,0,-100.0,49800.0,49700.0,False,58.0
2025-12-11 19:10:58,min_range,True,,,,3.36,1.55,100.0,0,-100.0,46682.0,46582.0,False,67.5
2025-12-11 19:10:58,prediction,True,,,,3.96,1.55,100.0,0,-100.0,49700.0,49600.0,False,67.5
2025-12-11 19:11:15,min_range,True,,,,5.96,1.42,100.0,0,-100.0,46582.0,46482.0,False,56.6
2025-12-11 19:11:15,prediction,True,,,,7.01,1.42,100.0,0,-100.0,49600.0,49500.0,False,56.6
2025-12-11 19:11:44,min_range,True,,,,5.96,5.27,100.0,0,-100.0,46482.0,46382.0,False,56.6
2025-12-11 19:11:44,prediction,True,,,,7.01,5.27,100.0,0,-100.0,49500.0,49400.0,False,56.6
2025-12-11 19:11:44,min_range,True,,,,5.96,5.27,100.0,0,-100.0,46382.0,46282.0,False,56.6
2025-12-11 19:11:44,prediction,True,,,,7.01,5.27,100.0,0,-100.0,49400.0,49300.0,False,56.6
2025-12-11 19:12:07,min_range,True,,,,3.55,1.52,100.0,0,-100.0,46282.0,46182.0,False,67.4
2025-12-11 19:12:07,prediction,True,,,,4.18,1.52,100.0,0,-100.0,49300.0,49200.0,False,67.4
2025-12-11 19:12:21,min_range,True,,,,2.47,1.41,100.0,0,-100.0,46182.0,46082.0,False,50
2025-12-11 19:12:21,prediction,True,,,,2.91,1.41,100.0,0,-100.0,49200.0,49100.0,False,50
2025-12-11 19:12:33,min_range,True,,,,5.38,1.02,100.0,0,-100.0,46082.0,45982.0,False,50
2025-12-11 19:12:33,prediction,True,,,,6.33,1.02,100.0,0,-100.0,49100.0,49000.0,False,50
2025-12-11 19:12:48,min_range,True,,,,5.53,1.42,100.0,0,-100.0,45982.0,45882.0,False,50
2025-12-11 19:12:48,prediction,True,,,,6.51,1.42,100.0,0,-100.0,49000.0,48900.0,False,50
2025-12-11 19:13:12,min_range,True,,,,4.17,2.98,100.0,0,-100.0,45882.0,45782.0,False,66.5
2025-12-11 19:13:12,prediction,True,,,,4.91,2.98,100.0,0,-100.0,48900.0,48800.0,False,66.5
2025-12-11 19:13:34,min_range,True,,,,3.81,2.37,100.0,0,-100.0,45782.0,45682.0,False,65.7
2025-12-11 19:13:34,prediction,True,,,,4.48,2.37,100.0,0,-100.0,48800.0,48700.0,False,65.7
2025-12-11 19:13:44,min_range,True,,,,3.81,1.09,100.0,0,-100.0,45582.0,45482.0,False,65.7
2025-12-11 19:13:44,min_range,True,,,,3.81,1.09,100.0,0,-100.0,45682.0,45582.0,False,65.7
2025-12-11 19:13:44,prediction,True,,,,4.48,1.09,100.0,0,-100.0,48600.0,48500.0,False,65.7
2025-12-11 19:13:44,prediction,True,,,,4.48,1.09,100.0,0,-100.0,48600.0,48600.0,False,65.7
2025-12-11 19:14:22,min_range,True,,,,8.57,9.05,100.0,857.0,757.0,45482.0,46239.0,True,74.4
2025-12-11 19:14:22,prediction,True,,,,10.08,9.05,100.0,0,-100.0,48500.0,48400.0,False,74.4
2025-12-11 19:15:30,min_range,True,,,,53.01,117.38,100.0,5301.0,5201.0,46239.0,50000.0,True,50
2025-12-11 19:15:30,prediction,True,,,,62.36,117.38,100.0,11738.0,11638.0,38362.0,50000.0,True,50
2025-12-11 19:16:12,min_range,True,,,,7.19,9.59,100.0,719.0,619.0,50000.0,50000.0,True,66.7
2025-12-11 19:16:12,prediction,True,,,,8.46,9.59,100.0,959.0,859.0,49141.0,50000.0,True,66.7
2025-12-11 19:16:35,min_range,True,,,,3.86,2.36,100.0,0,-100.0,50000.0,49900.0,False,60.3
2025-12-11 19:16:35,prediction,True,,,,4.54,2.36,100.0,0,-100.0,50000.0,49900.0,False,60.3
2025-12-11 19:16:49,min_range,True,,,,3.46,1.19,100.0,0,-100.0,49900.0,49800.0,False,54.7
2025-12-11 19:16:49,prediction,True,,,,4.08,1.19,100.0,0,-100.0,49900.0,49800.0,False,54.7
2025-12-11 19:17:07,min_range,True,,,,2.59,1.76,100.0,0,-100.0,49800.0,49700.0,False,50
2025-12-11 19:17:07,prediction,True,,,,3.05,1.76,100.0,0,-100.0,49800.0,49700.0,False,50
2025-12-11 19:17:41,min_range,True,,,,5.28,6.63,100.0,528.0,428.0,49700.0,50000.0,True,78.4
2025-12-11 19:17:41,prediction,True,,,,6.63,6.63,100.0,663.0,563.0,49437.0,50000.0,True,78.4
2025-12-11 19:18:00,min_range,True,,,,3.04,1.71,100.0,0,-100.0,50000.0,49900.0,False,60.5
2025-12-11 19:18:00,prediction,True,,,,3.57,1.71,100.0,0,-100.0,50000.0,49900.0,False,60.5
2025-12-11 19:18:33,min_range,True,,,,6.87,7.22,100.0,687.0,587.0,49900.0,50000.0,True,50
2025-12-11 19:18:33,prediction,True,,,,8.08,7.22,100.0,0,-100.0,49900.0,49800.0,False,50
2025-12-11 19:18:59,min_range,True,,,,4.42,3.16,100.0,0,-100.0,50000.0,49900.0,False,65.7
2025-12-11 19:18:59,prediction,True,,,,5.2,3.16,100.0,0,-100.0,49800.0,49700.0,False,65.7
2025-12-11 19:19:19,min_range,True,,,,6.98,2.21,100.0,0,-100.0,49900.0,49800.0,False,53.5
2025-12-11 19:19:19,prediction,True,,,,8.21,2.21,100.0,0,-100.0,49700.0,49600.0,False,53.5
2025-12-11 19:19:59,min_range,True,,,,9.45,11.86,100.0,945.0,845.0,49800.0,50000.0,True,75.4
2025-12-11 19:19:59,prediction,True,,,,11.12,11.86,100.0,1186.0,1086.0,48914.0,50000.0,True,75.4
2025-12-11 19:20:16,min_range,True,,,,3.44,1.31,100.0,0,-100.0,50000.0,49900.0,False,53.1
2025-12-11 19:20:16,prediction,True,,,,4.05,1.31,100.0,0,-100.0,50000.0,49900.0,False,53.1
2025-12-11 19:20:35,min_range,True,,,,3.25,1.98,100.0,0,-100.0,49900.0,49800.0,False,62.5
2025-12-11 19:20:35,prediction,True,,,,3.83,1.98,100.0,0,-100.0,49900.0,49800.0,False,62.5
2025-12-11 19:21:44,min_range,True,,,,48.73,124.48,100.0,4873.0,4773.0,49800.0,50000.0,True,50
2025-12-11 19:21:44,prediction,True,,,,57.33,124.48,100.0,12448.0,12348.0,37652.0,50000.0,True,50
2025-12-11 19:22:01,min_range,True,,,,3.61,1.2,100.0,0,-100.0,50000.0,49900.0,False,50
2025-12-11 19:22:01,prediction,True,,,,4.25,1.2,100.0,0,-100.0,50000.0,49900.0,False,50
2025-12-11 19:22:16,min_range,True,,,,3.15,1.44,100.0,0,-100.0,49900.0,49800.0,False,50.3
2025-12-11 19:22:16,prediction,True,,,,3.71,1.44,100.0,0,-100.0,49900.0,49800.0,False,50.3
2025-12-11 19:22:28,min_range,True,,,,3.38,1.0,100.0,0,-100.0,49800.0,49700.0,False,52.2
2025-12-11 19:22:28,prediction,True,,,,3.98,1.0,100.0,0,-100.0,49800.0,49700.0,False,52.2
2025-12-11 19:23:20,min_range,True,,,,16.15,28.51,100.0,1615.0,1515.0,49700.0,50000.0,True,50
2025-12-11 19:23:20,prediction,True,,,,19.0,28.51,100.0,2851.0,2751.0,47249.0,50000.0,True,50
2025-12-11 19:23:43,min_range,True,,,,2.82,2.29,100.0,0,-100.0,50000.0,49900.0,False,67.4
2025-12-11 19:23:43,prediction,True,,,,3.32,2.29,100.0,0,-100.0,50000.0,49900.0,False,67.4
2025-12-11 19:24:19,min_range,True,,,,6.71,8.37,100.0,671.0,571.0,49900.0,50000.0,True,89.1
2025-12-11 19:24:19,prediction,True,,,,7.38,8.37,100.0,837.0,737.0,49263.0,50000.0,True,89.1
2025-12-11 19:24:44,min_range,True,,,,6.71,3.43,100.0,0,-100.0,50000.0,49900.0,False,89.1
2025-12-11 19:24:44,min_range,True,,,,6.71,3.43,100.0,0,-100.0,49900.0,49800.0,False,89.1
2025-12-11 19:24:44,prediction,True,,,,7.38,3.43,100.0,0,-100.0,49900.0,49900.0,False,89.1
2025-12-11 19:24:44,prediction,True,,,,7.38,3.43,100.0,0,-100.0,49900.0,49800.0,False,89.1
2025-12-11 19:25:21,min_range,True,,,,14.04,8.08,100.0,0,-100.0,49800.0,49700.0,False,59.4
2025-12-11 19:25:21,prediction,True,,,,16.52,8.08,100.0,0,-100.0,49800.0,49700.0,False,59.4
2025-12-11 19:25:52,min_range,True,,,,4.96,5.21,100.0,496.0,396.0,49700.0,50000.0,True,83.0
2025-12-11 19:25:52,prediction,True,,,,5.41,5.21,100.0,521.0,421.0,49579.0,50000.0,True,83.0
2025-12-11 19:26:12,min_range,True,,,,3.57,1.76,100.0,0,-100.0,50000.0,49900.0,False,62.4
2025-12-11 19:26:12,prediction,True,,,,4.2,1.76,100.0,0,-100.0,50000.0,49900.0,False,62.4
2025-12-11 19:26:42,min_range,True,,,,6.97,4.02,100.0,0,-100.0,49900.0,49800.0,False,52.8
2025-12-11 19:26:42,prediction,True,,,,8.2,4.02,100.0,0,-100.0,49900.0,49800.0,False,52.8
2025-12-11 19:27:17,min_range,True,,,,3.46,1.53,100.0,0,-100.0,49800.0,49700.0,False,64.1
2025-12-11 19:27:17,prediction,True,,,,4.07,1.53,100.0,0,-100.0,49800.0,49700.0,False,64.1
2025-12-11 19:27:17,min_range,True,,,,3.46,1.42,100.0,0,-100.0,49700.0,49600.0,False,64.1
2025-12-11 19:27:17,prediction,True,,,,4.07,1.42,100.0,0,-100.0,49700.0,49600.0,False,64.1
2025-12-11 19:27:37,min_range,True,,,,3.58,2.26,100.0,0,-100.0,49600.0,49500.0,False,62.0
2025-12-11 19:27:37,prediction,True,,,,4.21,2.26,100.0,0,-100.0,49600.0,49500.0,False,62.0
2025-12-11 19:27:57,min_range,True,,,,6.33,1.73,100.0,0,-100.0,49500.0,49400.0,False,50
2025-12-11 19:27:57,prediction,True,,,,7.44,1.73,100.0,0,-100.0,49500.0,49400.0,False,50
2025-12-11 19:28:13,min_range,True,,,,6.05,1.25,100.0,0,-100.0,49400.0,49300.0,False,50
2025-12-11 19:28:13,prediction,True,,,,7.12,1.25,100.0,0,-100.0,49400.0,49300.0,False,50
2025-12-11 19:28:25,min_range,True,,,,3.55,1.01,100.0,0,-100.0,49300.0,49200.0,False,62.6
2025-12-11 19:28:25,prediction,True,,,,4.17,1.01,100.0,0,-100.0,49300.0,49200.0,False,62.6
2025-12-11 19:28:48,min_range,True,,,,4.01,2.69,100.0,0,-100.0,49200.0,49100.0,False,71.8
2025-12-11 19:28:48,prediction,True,,,,4.72,2.69,100.0,0,-100.0,49200.0,49100.0,False,71.8
2025-12-11 19:29:06,min_range,True,,,,2.95,1.78,100.0,0,-100.0,49100.0,49000.0,False,50
2025-12-11 19:29:06,prediction,True,,,,3.47,1.78,100.0,0,-100.0,49100.0,49000.0,False,50
2025-12-11 19:29:21,min_range,True,,,,2.51,1.27,100.0,0,-100.0,49000.0,48900.0,False,50
2025-12-11 19:29:21,prediction,True,,,,2.95,1.27,100.0,0,-100.0,49000.0,48900.0,False,50
2025-12-11 19:29:38,min_range,True,,,,2.51,1.61,100.0,0,-100.0,48900.0,48800.0,False,50
2025-12-11 19:29:38,prediction,True,,,,2.95,1.61,100.0,0,-100.0,48900.0,48800.0,False,50
2025-12-11 19:29:56,min_range,True,,,,3.55,1.62,100.0,0,-100.0,48800.0,48700.0,False,50
2025-12-11 19:29:56,prediction,True,,,,4.18,1.62,100.0,0,-100.0,48800.0,48700.0,False,50
2025-12-11 19:30:16,min_range,True,,,,2.95,1.56,100.0,0,-100.0,48700.0,48600.0,False,50
2025-12-11 19:30:16,prediction,True,,,,3.47,1.56,100.0,0,-100.0,48700.0,48600.0,False,50
2025-12-11 19:30:35,min_range,True,,,,3.21,1.71,100.0,0,-100.0,48600.0,48500.0,False,69.0
2025-12-11 19:30:35,prediction,True,,,,3.78,1.71,100.0,0,-100.0,48600.0,48500.0,False,69.0
2025-12-11 19:31:17,min_range,True,,,,3.23,14.72,100.0,323.0,223.0,48500.0,48723.0,True,66.9
2025-12-11 19:31:17,prediction,True,,,,3.8,14.72,100.0,1472.0,1372.0,48500.0,49872.0,True,66.9
2025-12-11 19:31:38,min_range,True,,,,13.08,1.62,100.0,0,-100.0,48723.0,48623.0,False,77.2
2025-12-11 19:31:38,prediction,True,,,,14.4,1.62,100.0,0,-100.0,49872.0,49772.0,False,77.2
2025-12-11 19:32:11,min_range,True,,,,9.46,7.17,100.0,0,-100.0,48623.0,48523.0,False,50
2025-12-11 19:32:11,prediction,True,,,,11.13,7.17,100.0,0,-100.0,49772.0,49672.0,False,50
2025-12-11 19:32:38,min_range,True,,,,6.52,3.76,100.0,0,-100.0,48523.0,48423.0,False,79.3
2025-12-11 19:32:38,prediction,True,,,,8.77,3.76,100.0,0,-100.0,49672.0,49572.0,False,79.3
2025-12-11 19:32:49,min_range,True,,,,5.4,1.0,100.0,0,-100.0,48423.0,48323.0,False,80.2
2025-12-11 19:32:49,prediction,True,,,,5.42,1.0,100.0,0,-100.0,49572.0,49472.0,False,80.2
2025-12-11 19:33:11,min_range,True,,,,2.55,1.82,100.0,0,-100.0,48323.0,48223.0,False,57.7
2025-12-11 19:33:11,prediction,True,,,,2.99,1.82,100.0,0,-100.0,49472.0,49372.0,False,57.7
2025-12-11 19:33:32,min_range,True,,,,3.71,2.54,100.0,0,-100.0,48223.0,48123.0,False,66.8
2025-12-11 19:33:32,prediction,True,,,,4.37,2.54,100.0,0,-100.0,49372.0,49272.0,False,66.8
2025-12-11 19:33:49,min_range,True,,,,5.57,1.4,100.0,0,-100.0,48123.0,48023.0,False,50
2025-12-11 19:33:49,prediction,True,,,,6.55,1.4,100.0,0,-100.0,49272.0,49172.0,False,50
2025-12-11 19:34:08,min_range,True,,,,3.18,1.69,100.0,0,-100.0,48023.0,47923.0,False,57.9
2025-12-11 19:34:08,prediction,True,,,,3.74,1.69,100.0,0,-100.0,49172.0,49072.0,False,57.9
2025-12-11 19:34:23,min_range,True,,,,3.26,1.22,100.0,0,-100.0,47923.0,47823.0,False,54.8
2025-12-11 19:34:23,prediction,True,,,,3.84,1.22,100.0,0,-100.0,49072.0,48972.0,False,54.8
2025-12-11 19:34:35,min_range,True,,,,3.32,1.1,100.0,0,-100.0,47823.0,47723.0,False,57.4
2025-12-11 19:34:35,prediction,True,,,,3.91,1.1,100.0,0,-100.0,48972.0,48872.0,False,57.4
2025-12-11 19:34:47,min_range,True,,,,5.87,1.26,100.0,0,-100.0,47723.0,47623.0,False,50
2025-12-11 19:34:47,prediction,True,,,,6.91,1.26,100.0,0,-100.0,48872.0,48772.0,False,50
2025-12-11 19:35:05,min_range,True,,,,5.2,1.77,100.0,0,-100.0,47623.0,47523.0,False,50
2025-12-11 19:35:05,prediction,True,,,,6.12,1.77,100.0,0,-100.0,48772.0,48672.0,False,50
2025-12-11 19:35:23,min_range,True,,,,4.39,1.74,100.0,0,-100.0,47523.0,47423.0,False,60.7
2025-12-11 19:35:23,prediction,True,,,,5.17,1.74,100.0,0,-100.0,48672.0,48572.0,False,60.7
2025-12-11 19:35:41,min_range,True,,,,5.3,1.78,100.0,0,-100.0,47423.0,47323.0,False,61.3
2025-12-11 19:35:41,prediction,True,,,,5.58,1.78,100.0,0,-100.0,48572.0,48472.0,False,61.3
2025-12-11 19:35:56,min_range,True,,,,6.34,1.23,100.0,0,-100.0,47323.0,47223.0,False,56.0
2025-12-11 19:35:56,prediction,True,,,,6.79,1.23,100.0,0,-100.0,48472.0,48372.0,False,56.0
2025-12-11 19:36:05,min_range,True,,,,4.45,1.04,100.0,0,-100.0,47223.0,47123.0,False,50
2025-12-11 19:36:05,prediction,True,,,,5.23,1.04,100.0,0,-100.0,48372.0,48272.0,False,50
2025-12-11 19:36:35,min_range,True,,,,6.38,3.98,100.0,0,-100.0,47123.0,47023.0,False,50.9
2025-12-11 19:36:35,prediction,True,,,,7.51,3.98,100.0,0,-100.0,48272.0,48172.0,False,50.9
2025-12-11 19:36:51,min_range,True,,,,6.69,1.31,100.0,0,-100.0,47023.0,46923.0,False,55.7
2025-12-11 19:36:51,prediction,True,,,,7.87,1.31,100.0,0,-100.0,48172.0,48072.0,False,55.7
2025-12-11 19:37:05,min_range,True,,,,3.96,1.35,100.0,0,-100.0,46923.0,46823.0,False,50
2025-12-11 19:37:05,prediction,True,,,,4.66,1.35,100.0,0,-100.0,48072.0,47972.0,False,50
2025-12-11 19:37:17,min_range,True,,,,4.35,1.09,100.0,0,-100.0,46823.0,46723.0,False,50
2025-12-11 19:37:17,prediction,True,,,,5.12,1.09,100.0,0,-100.0,47972.0,47872.0,False,50
2025-12-11 19:37:49,min_range,True,,,,6.77,6.45,100.0,0,-100.0,46723.0,46623.0,False,64.7
2025-12-11 19:37:49,prediction,True,,,,7.97,6.45,100.0,0,-100.0,47872.0,47772.0,False,64.7
2025-12-11 19:38:02,min_range,True,,,,5.18,1.09,100.0,0,-100.0,46623.0,46523.0,False,53.4
2025-12-11 19:38:02,prediction,True,,,,6.1,1.09,100.0,0,-100.0,47772.0,47672.0,False,53.4
2025-12-11 19:38:15,min_range,True,,,,4.72,1.22,100.0,0,-100.0,46523.0,46423.0,False,50
2025-12-11 19:38:15,prediction,True,,,,5.55,1.22,100.0,0,-100.0,47672.0,47572.0,False,50
2025-12-11 19:38:41,min_range,True,,,,6.25,3.35,100.0,0,-100.0,46423.0,46323.0,False,59.8
2025-12-11 19:38:41,prediction,True,,,,7.35,3.35,100.0,0,-100.0,47572.0,47472.0,False,59.8
2025-12-11 19:38:54,min_range,True,,,,6.64,1.24,100.0,0,-100.0,46323.0,46223.0,False,50
2025-12-11 19:38:54,prediction,True,,,,7.81,1.24,100.0,0,-100.0,47472.0,47372.0,False,50
2025-12-11 19:39:08,min_range,True,,,,6.13,1.29,100.0,0,-100.0,46223.0,46123.0,False,50
2025-12-11 19:39:08,prediction,True,,,,7.21,1.29,100.0,0,-100.0,47372.0,47272.0,False,50
2025-12-11 19:39:20,min_range,True,,,,6.13,1.21,100.0,0,-100.0,46123.0,46023.0,False,50
2025-12-11 19:39:20,prediction,True,,,,7.21,1.21,100.0,0,-100.0,47272.0,47172.0,False,50
2025-12-11 19:39:44,min_range,True,,,,5.91,2.63,100.0,0,-100.0,46023.0,45923.0,False,50
2025-12-11 19:39:44,prediction,True,,,,6.96,2.63,100.0,0,-100.0,47172.0,47072.0,False,50
2025-12-11 19:39:59,min_range,True,,,,5.69,1.59,100.0,0,-100.0,45923.0,45823.0,False,58.9
2025-12-11 19:39:59,prediction,True,,,,6.7,1.59,100.0,0,-100.0,47072.0,46972.0,False,58.9
2025-12-11 19:40:59,min_range,True,,,,6.07,65.44,100.0,607.0,507.0,45823.0,46330.0,True,59.5
2025-12-11 19:40:59,prediction,True,,,,6.07,65.44,100.0,6544.0,6444.0,43556.0,50000.0,True,59.5
2025-12-11 19:41:10,min_range,True,,,,34.43,1.04,100.0,0,-100.0,46330.0,46230.0,False,50
2025-12-11 19:41:10,prediction,True,,,,40.51,1.04,100.0,0,-100.0,50000.0,49900.0,False,50
2025-12-11 19:41:29,min_range,True,,,,2.88,1.52,100.0,0,-100.0,46230.0,46130.0,False,66.1
2025-12-11 19:41:29,prediction,True,,,,3.39,1.52,100.0,0,-100.0,49900.0,49800.0,False,66.1
2025-12-11 19:41:47,min_range,True,,,,2.78,2.28,100.0,0,-100.0,46130.0,46030.0,False,60.5
2025-12-11 19:41:47,prediction,True,,,,3.27,2.28,100.0,0,-100.0,49800.0,49700.0,False,60.5
2025-12-11 19:41:59,min_range,True,,,,3.35,1.08,100.0,0,-100.0,46030.0,45930.0,False,67.9
2025-12-11 19:41:59,prediction,True,,,,3.94,1.08,100.0,0,-100.0,49700.0,49600.0,False,67.9
2025-12-11 19:42:38,min_range,True,,,,5.14,8.09,100.0,514.0,414.0,45930.0,46344.0,True,50
2025-12-11 19:42:38,prediction,True,,,,6.05,8.09,100.0,809.0,709.0,49291.0,50000.0,True,50
2025-12-11 19:43:19,min_range,True,,,,8.65,11.06,100.0,865.0,765.0,46344.0,47109.0,True,62.8
2025-12-11 19:43:19,prediction,True,,,,10.17,11.06,100.0,1106.0,1006.0,48994.0,50000.0,True,62.8
2025-12-11 19:44:02,min_range,True,,,,11.7,13.85,100.0,1170.0,1070.0,47109.0,48179.0,True,51.3
2025-12-11 19:44:02,prediction,True,,,,13.77,13.85,100.0,1385.0,1285.0,48715.0,50000.0,True,51.3
2025-12-11 19:44:18,min_range,True,,,,4.67,1.12,100.0,0,-100.0,48179.0,48079.0,False,50
2025-12-11 19:44:18,prediction,True,,,,5.49,1.12,100.0,0,-100.0,50000.0,49900.0,False,50
2025-12-11 19:44:30,min_range,True,,,,3.81,1.08,100.0,0,-100.0,48079.0,47979.0,False,60.5
2025-12-11 19:44:30,prediction,True,,,,4.48,1.08,100.0,0,-100.0,49900.0,49800.0,False,60.5
2025-12-11 19:44:53,min_range,True,,,,5.47,2.94,100.0,0,-100.0,47979.0,47879.0,False,63.5
2025-12-11 19:44:53,prediction,True,,,,5.68,2.94,100.0,0,-100.0,49800.0,49700.0,False,63.5
2025-12-11 19:45:11,min_range,True,,,,4.86,1.54,100.0,0,-100.0,47879.0,47779.0,False,50
2025-12-11 19:45:11,prediction,True,,,,5.72,1.54,100.0,0,-100.0,49700.0,49600.0,False,50
2025-12-11 19:45:27,min_range,True,,,,4.96,1.68,100.0,0,-100.0,47779.0,47679.0,False,50
2025-12-11 19:45:27,prediction,True,,,,5.84,1.68,100.0,0,-100.0,49600.0,49500.0,False,50
2025-12-11 19:45:42,min_range,True,,,,3.31,1.25,100.0,0,-100.0,47679.0,47579.0,False,60.9
2025-12-11 19:45:42,prediction,True,,,,3.9,1.25,100.0,0,-100.0,49500.0,49400.0,False,60.9
2025-12-11 19:45:56,min_range,True,,,,3.52,1.44,100.0,0,-100.0,47579.0,47479.0,False,64.4
2025-12-11 19:45:56,prediction,True,,,,4.15,1.44,100.0,0,-100.0,49400.0,49300.0,False,64.4
2025-12-11 19:46:44,min_range,True,,,,3.52,22.33,100.0,352.0,252.0,47479.0,47731.0,True,64.4
2025-12-11 19:46:44,prediction,True,,,,4.15,22.33,100.0,2233.0,2133.0,47867.0,50000.0,True,64.4
2025-12-11 19:46:44,min_range,True,,,,3.52,22.33,100.0,352.0,252.0,47731.0,47983.0,True,64.4
2025-12-11 19:46:44,prediction,True,,,,4.15,22.33,100.0,2233.0,2133.0,47867.0,50000.0,True,64.4
2025-12-11 19:47:06,min_range,True,,,,7.14,2.41,100.0,0,-100.0,47983.0,47883.0,False,65.4
2025-12-11 19:47:06,prediction,True,,,,7.14,2.41,100.0,0,-100.0,50000.0,49900.0,False,65.4
2025-12-11 19:47:29,min_range,True,,,,3.79,2.53,100.0,0,-100.0,47883.0,47783.0,False,68.7
2025-12-11 19:47:29,prediction,True,,,,4.45,2.53,100.0,0,-100.0,49900.0,49800.0,False,68.7
2025-12-11 19:47:44,min_range,True,,,,3.79,1.42,100.0,0,-100.0,47783.0,47683.0,False,68.7
2025-12-11 19:47:44,prediction,True,,,,4.45,1.42,100.0,0,-100.0,49800.0,49700.0,False,68.7
2025-12-11 19:47:44,min_range,True,,,,3.79,1.42,100.0,0,-100.0,47683.0,47583.0,False,68.7
2025-12-11 19:47:44,prediction,True,,,,4.45,1.42,100.0,0,-100.0,49700.0,49600.0,False,68.7
2025-12-11 19:48:06,min_range,True,,,,3.79,2.13,100.0,0,-100.0,47583.0,47483.0,False,50
2025-12-11 19:48:06,prediction,True,,,,4.46,2.13,100.0,0,-100.0,49600.0,49500.0,False,50
2025-12-11 19:48:23,min_range,True,,,,3.31,1.49,100.0,0,-100.0,47483.0,47383.0,False,71.9
2025-12-11 19:48:23,prediction,True,,,,3.89,1.49,100.0,0,-100.0,49500.0,49400.0,False,71.9
2025-12-11 19:48:40,min_range,True,,,,3.42,1.45,100.0,0,-100.0,47383.0,47283.0,False,64.5
2025-12-11 19:48:40,prediction,True,,,,4.02,1.45,100.0,0,-100.0,49400.0,49300.0,False,64.5
2025-12-11 19:48:55,min_range,True,,,,5.64,1.55,100.0,0,-100.0,47283.0,47183.0,False,50
2025-12-11 19:48:55,prediction,True,,,,6.63,1.55,100.0,0,-100.0,49300.0,49200.0,False,50
2025-12-11 19:48:55,min_range,True,,,,5.64,1.55,100.0,0,-100.0,47183.0,47083.0,False,50
2025-12-11 19:48:55,prediction,True,,,,6.63,1.55,100.0,0,-100.0,49200.0,49100.0,False,50
2025-12-11 19:49:07,min_range,True,,,,4.56,1.02,100.0,0,-100.0,47083.0,46983.0,False,50
2025-12-11 19:49:07,prediction,True,,,,5.37,1.02,100.0,0,-100.0,49100.0,49000.0,False,50
2025-12-11 19:49:36,min_range,True,,,,5.93,4.39,100.0,0,-100.0,46983.0,46883.0,False,78.3
2025-12-11 19:49:36,prediction,True,,,,6.05,4.39,100.0,0,-100.0,49000.0,48900.0,False,78.3
2025-12-11 19:49:50,min_range,True,,,,3.19,1.11,100.0,0,-100.0,46883.0,46783.0,False,54.3
2025-12-11 19:49:50,prediction,True,,,,3.76,1.11,100.0,0,-100.0,48900.0,48800.0,False,54.3
2025-12-11 19:50:10,min_range,True,,,,2.92,2.36,100.0,0,-100.0,46783.0,46683.0,False,65.7
2025-12-11 19:50:10,prediction,True,,,,3.44,2.36,100.0,0,-100.0,48800.0,48700.0,False,65.7
2025-12-11 19:50:25,min_range,True,,,,4.81,1.36,100.0,0,-100.0,46683.0,46583.0,False,50
2025-12-11 19:50:25,prediction,True,,,,5.66,1.36,100.0,0,-100.0,48700.0,48600.0,False,50
2025-12-11 19:51:02,min_range,True,,,,6.45,8.1,100.0,645.0,545.0,46583.0,47128.0,True,78.9
2025-12-11 19:51:02,prediction,True,,,,7.32,8.1,100.0,810.0,710.0,48600.0,49310.0,True,78.9
2025-12-11 19:51:21,min_range,True,,,,3.34,1.5,100.0,0,-100.0,47128.0,47028.0,False,50.5
2025-12-11 19:51:21,prediction,True,,,,3.93,1.5,100.0,0,-100.0,49310.0,49210.0,False,50.5
2025-12-11 19:52:02,min_range,True,,,,12.16,16.25,100.0,1216.0,1116.0,47028.0,48144.0,True,74.4
2025-12-11 19:52:02,prediction,True,,,,14.31,16.25,100.0,1625.0,1525.0,48475.0,50000.0,True,74.4
2025-12-11 19:52:24,min_range,True,,,,6.16,2.02,100.0,0,-100.0,48144.0,48044.0,False,61.1
2025-12-11 19:52:24,prediction,True,,,,7.25,2.02,100.0,0,-100.0,50000.0,49900.0,False,61.1
2025-12-11 19:52:59,min_range,True,,,,12.11,6.37,100.0,0,-100.0,48044.0,47944.0,False,50
2025-12-11 19:52:59,prediction,True,,,,14.25,6.37,100.0,0,-100.0,49900.0,49800.0,False,50
2025-12-11 19:53:16,min_range,True,,,,3.95,1.32,100.0,0,-100.0,47944.0,47844.0,False,50
2025-12-11 19:53:16,prediction,True,,,,4.64,1.32,100.0,0,-100.0,49800.0,49700.0,False,50
2025-12-11 19:53:31,min_range,True,,,,3.53,1.28,100.0,0,-100.0,47844.0,47744.0,False,62.4
2025-12-11 19:53:31,prediction,True,,,,4.15,1.28,100.0,0,-100.0,49700.0,49600.0,False,62.4
2025-12-11 19:53:59,min_range,True,,,,5.33,5.21,100.0,0,-100.0,47744.0,47644.0,False,77.0
2025-12-11 19:53:59,prediction,True,,,,6.28,5.21,100.0,0,-100.0,49600.0,49500.0,False,77.0
2025-12-11 19:54:33,min_range,True,,,,6.75,6.35,100.0,0,-100.0,47644.0,47544.0,False,78.7
2025-12-11 19:54:33,prediction,True,,,,8.09,6.35,100.0,0,-100.0,49500.0,49400.0,False,78.7
