actual,predicted,pred_min,pred_max,error,abs_error
1.2399999,1.5851407,1.0,8.04019117355346,-0.3451408,0.3451408
2.53,2.5052788,1.0,8.960329294204705,0.024721146,0.024721146
4.0299997,4.7133465,2.6163194835186014,11.16839694976806,-0.68334675,0.68334675
33.15,26.938267,24.84123975634575,33.39331722259521,6.211735,6.211735
7.1899996,5.7938066,3.696779555082322,12.24885702133178,1.396193,1.396193
2.01,1.6562167,1.0,8.111267209053032,0.35378325,0.35378325
2.28,1.4601694,1.0,7.915219902992242,0.81983054,0.81983054
2.3,1.4763168,1.0,7.931367278099054,0.82368314,0.82368314
1.06,1.4303212,1.0,7.88537168502807,-0.37032127,0.37032127
7.4700003,8.175683,6.07865602374077,14.630733489990227,-0.70568275,0.70568275
4.91,5.2089386,3.1119116008281718,11.66398906707763,-0.29893875,0.29893875
1.36,1.4682261,1.0,7.923276543617242,-0.10822606,0.10822606
3.7,1.9774361,1.0,8.432486534118645,1.722564,1.722564
2.23,1.4737611,1.0,7.928811550140375,0.75623894,0.75623894
5.77,7.1431746,5.046147650480272,13.59822511672973,-1.3731747,1.3731747
23.460001,20.139236,18.042209452390672,26.59428691864013,3.3207645,3.3207645
3.3600001,1.4629239,1.0,7.917974352836603,1.8970762,1.8970762
6.62,4.0947094,1.997682398557664,10.549759864807122,2.5252905,2.5252905
1.62,1.4709119,1.0,7.925962328910821,0.14908814,0.14908814
1.01,1.3551953,1.0,7.8102457523345885,-0.3451953,0.3451953
10.4800005,8.150768,6.053741282224657,14.605818748474114,2.3292322,2.3292322
1.87,1.6113452,1.0,8.066395640373223,0.25865483,0.25865483
9.12,9.088482,6.991454905271532,15.543532371520989,0.031517982,0.031517982
1.0,1.4646387,1.0,7.919689178466791,-0.4646387,0.4646387
3.17,1.7736229,1.0,8.228673338890069,1.3963772,1.3963772
10.650001,8.471559,6.374531573057176,14.926609039306634,2.178442,2.178442
30.69,29.15299,27.055963343381883,35.60804080963134,1.5370102,1.5370102
1.2199999,1.4042747,1.0,7.859325170516962,-0.1842748,0.1842748
1.12,1.486374,1.0,7.941424489021295,-0.36637402,0.36637402
1.41,1.4636757,1.0,7.9187262058257994,-0.05367577,0.05367577
1.81,1.4352822,1.0,7.890332698822015,0.3747177,0.3747177
1.97,1.4536042,1.0,7.908654689788812,0.5163958,0.5163958
1.0,1.524266,1.0,7.979316473007196,-0.524266,0.524266
2.17,1.698915,1.0,8.153965473175042,0.47108507,0.47108507
7.14,8.395642,6.298615282773973,14.85069274902343,-1.2556424,1.2556424
1.65,1.517157,1.0,7.972207427024835,0.13284302,0.13284302
1.02,1.4374001,1.0,7.8924505710601744,-0.41740012,0.41740012
1.06,1.4644619,1.0,7.919512391090387,-0.40446198,0.40446198
2.08,1.4485936,1.0,7.903644084930414,0.6314063,0.6314063
1.01,1.5307385,1.0,7.985788941383356,-0.5207385,0.5207385
1.39,1.5231946,1.0,7.9782450199127135,-0.13319457,0.13319457
1.89,1.5143442,1.0,7.969394683837884,0.37565577,0.37565577
1.02,1.5297283,1.0,7.984778761863702,-0.5097283,0.5097283
3.47,1.6519916,1.0,8.107042074203484,1.8180084,1.8180084
1.2399999,1.8481642,1.0,8.303214669227593,-0.6081643,0.6081643
4.6099997,4.4353237,2.33829671740532,10.890374183654778,0.17467594,0.17467594
1.59,1.492711,1.0,7.9477614164352355,0.097289085,0.097289085
1.83,1.4897102,1.0,7.944760680198663,0.34028983,0.34028983
1.98,1.571461,1.0,8.02651143074035,0.40853906,0.40853906
1.0999999,1.443555,1.0,7.898605465888971,-0.3435551,0.3435551
1.0799999,1.609381,1.0,8.064431428909295,-0.52938104,0.52938104
2.73,2.8867912,1.0,9.341841697692864,-0.15679121,0.15679121
6.49,7.24152,5.144492930173875,13.696570396423333,-0.75152016,0.75152016
1.56,1.5820553,1.0,8.037105798721306,-0.022055387,0.022055387
1.01,1.4635745,1.0,7.918624997138971,-0.45357454,0.45357454
4.86,6.2408175,4.143790549039842,12.6958680152893,-1.3808174,1.3808174
1.0899999,1.4995782,1.0,7.954628705978387,-0.40957832,0.40957832
1.59,2.226589,1.0,8.681639432907097,-0.63658893,0.63658893
1.01,2.7388053,1.0,9.193855762481682,-1.7288053,1.7288053
1.06,1.6756052,1.0,8.13065564632415,-0.61560524,0.61560524
3.0,2.1327162,1.0,8.58776664733886,0.8672838,0.8672838
3.41,2.1712742,1.0,8.626324653625481,1.2387259,1.2387259
1.72,2.4185236,1.0,8.873574018478386,-0.6985235,0.6985235
1.04,1.5557468,1.0,8.010797262191765,-0.51574683,0.51574683
1.16,1.6770825,1.0,8.132133007049553,-0.5170826,0.5170826
1.36,1.6340911,1.0,8.089141607284539,-0.27409112,0.27409112
1.99,1.6275685,1.0,8.082618951797478,0.36243153,0.36243153
2.24,1.7172546,1.0,8.172305107116692,0.5227454,0.5227454
1.13,1.6016623,1.0,8.056712746620171,-0.47166228,0.47166228
1.16,1.5323764,1.0,7.987426877021783,-0.37237644,0.37237644
1.31,1.625028,1.0,8.080078482627862,-0.31502807,0.31502807
91.676,9.007652,6.9106252849102034,15.46270275115966,82.66835,82.66835
1.53,1.6099079,1.0,8.064958333969109,-0.079907894,0.079907894
1.74,2.1980054,1.0,8.65305590629577,-0.45800543,0.45800543
3.19,1.6784436,1.0,8.133494019508355,1.5115565,1.5115565
9.77,2.7952254,1.0,9.250275850296013,6.9747753,6.9747753
12.990001,2.4279726,1.0,8.88302302360534,10.562028,10.562028
1.63,1.6106013,1.0,8.065651774406426,0.01939869,0.01939869
3.39,2.0198026,1.0,8.474853038787835,1.3701975,1.3701975
3.05,1.5093745,1.0,7.964424967765802,1.5406255,1.5406255
5.78,3.6700864,1.5730593860149393,10.125136852264397,2.1099138,2.1099138
2.35,1.4954363,1.0,7.950486779212945,0.8545636,0.8545636
1.27,1.5167962,1.0,7.971846699714654,-0.24679625,0.24679625
5.5899997,1.5788572,1.0,8.033907651901238,4.0111427,4.0111427
5.16,5.682111,3.5850837886333475,12.137161254882805,-0.52211094,0.52211094
2.03,1.5049736,1.0,7.960024118423456,0.5250263,0.5250263
5.0899997,7.707942,5.610915011167528,14.162992477416985,-2.6179423,2.6179423
1.25,1.4931943,1.0,7.948244810104364,-0.24319434,0.24319434
3.49,1.5860115,1.0,8.041061997413628,1.9039885,1.9039885
1.1099999,1.4822443,1.0,7.937294721603387,-0.37224436,0.37224436
3.5900002,1.6462082,1.0,8.101258635520928,1.943792,1.943792
64.29,13.345845,11.248818224668504,19.80089569091796,50.944157,50.944157
4.15,1.7248507,1.0,8.179901123046868,2.4251494,2.4251494
2.55,1.8814833,1.0,8.336533784866326,0.66851664,0.66851664
3.9,1.6608022,1.0,8.115852713584893,2.2391977,2.2391977
1.17,1.9840888,1.0,8.439139246940606,-0.8140888,0.8140888
2.29,2.2645392,1.0,8.719589710235589,0.02546072,0.02546072
20.72,10.110949,8.01392156481743,16.565999031066887,10.609051,10.609051
1.0,1.4827565,1.0,7.937806963920587,-0.4827565,0.4827565
14.190001,10.078271,7.98124391436577,16.533321380615227,4.1117296,4.1117296
3.15,1.4662204,1.0,7.92127084732055,1.6837797,1.6837797
1.42,1.482827,1.0,7.937877416610712,-0.06282699,0.06282699
4.12,1.6616911,1.0,8.116741538047783,2.4583087,2.4583087
4.6,5.911246,3.8142188251018534,12.366296291351311,-1.3112459,1.3112459
6.5499997,3.9380374,1.8410103976726542,10.393087863922112,2.6119623,2.6119623
1.0,1.5003744,1.0,7.955424904823297,-0.50037444,0.50037444
1.3,1.41259,1.0,7.867640495300287,-0.112590075,0.112590075
1.3199999,1.4792155,1.0,7.934265971183771,-0.15921557,0.15921557
3.1200001,1.4191391,1.0,7.874189615249628,1.700861,1.700861
3.51,1.9006404,1.0,8.355690836906426,1.6093596,1.6093596
56.120003,35.274887,33.1778600871563,41.729937553405755,20.845116,20.845116
74.43,15.175586,13.078558748960496,21.630636215209954,59.254414,59.254414
1.0999999,1.8459707,1.0,8.301021218299859,-0.74597085,0.74597085
2.21,1.4285725,1.0,7.8836230039596495,0.7814275,0.7814275
1.13,1.5451361,1.0,8.00018656253814,-0.4151361,0.4151361
1.8,1.8965703,1.0,8.351620793342583,-0.09657037,0.09657037
1.51,1.8958627,1.0,8.35091316699981,-0.3858627,0.3858627
2.0,2.0984838,1.0,8.553534269332879,-0.0984838,0.0984838
1.64,1.5624582,1.0,8.017508625984185,0.07754183,0.07754183
1.0,1.7576623,1.0,8.212712764739983,-0.7576623,0.7576623
2.1299999,2.3059254,1.0,8.760975837707512,-0.1759255,0.1759255
1.1099999,1.6544731,1.0,8.109523534774773,-0.5444732,0.5444732
5.97,7.6805754,5.583548372983934,14.135625839233391,-1.7105756,1.7105756
1.82,1.5377002,1.0,7.992750644683832,0.28229988,0.28229988
19.02,14.51502,12.417993372678758,20.970070838928216,4.50498,4.50498
1.25,1.5131861,1.0,7.968236565589899,-0.2631861,0.2631861
1.28,1.5185997,1.0,7.973650217056268,-0.23859978,0.23859978
1.01,1.5026748,1.0,7.957725286483758,-0.49267483,0.49267483
1.4399999,1.4946357,1.0,7.949686169624322,-0.054635763,0.054635763
1.01,1.6183532,1.0,8.073403716087334,-0.60835326,0.60835326
1.37,1.7910534,1.0,8.246103882789605,-0.4210534,0.4210534
1.05,1.4829053,1.0,7.937955737113946,-0.43290532,0.43290532
1.95,1.516477,1.0,7.971527457237237,0.43352306,0.43352306
1.29,1.5844725,1.0,8.039523005485528,-0.29447258,0.29447258
5.94,6.9688916,4.871864622831346,13.423942089080803,-1.0288916,1.0288916
1.01,1.5340388,1.0,7.989089250564569,-0.5240388,0.5240388
1.43,1.5391467,1.0,7.994197130203241,-0.109146714,0.109146714
3.2,1.6780266,1.0,8.133077025413506,1.5219735,1.5219735
20.39,14.186191,12.089163607358934,20.64124107360839,6.203809,6.203809
2.56,1.5481722,1.0,8.003222703933709,1.0118277,1.0118277
10.55,6.126974,4.029947108030321,12.582024574279778,4.423026,4.423026
4.58,1.7034582,1.0,8.158508658409112,2.8765416,2.8765416
4.77,4.922718,2.8256910502910624,11.37776851654052,-0.15271807,0.15271807
1.03,3.3120248,1.2149978339672098,9.767075300216668,-2.2820249,2.2820249
3.64,2.6568036,1.0,9.111854076385491,0.9831965,0.9831965
4.6,2.4584513,1.0,8.913501739501946,2.1415486,2.1415486
1.8,1.5737102,1.0,8.028760671615593,0.22628975,0.22628975
1.65,1.6139864,1.0,8.06903684139251,0.036013603,0.036013603
3.04,1.7187095,1.0,8.17375993728637,1.3212905,1.3212905
1.86,1.6470916,1.0,8.102142095565789,0.21290839,0.21290839
1.56,1.4964832,1.0,7.95153367519378,0.063516736,0.063516736
1.0,1.5730144,1.0,8.028064846992486,-0.5730144,0.5730144
1.31,1.506097,1.0,7.961147427558893,-0.19609702,0.19609702
9.9800005,9.764592,7.667565172910692,16.21964263916015,0.21540833,0.21540833
2.93,1.633735,1.0,8.088785409927361,1.2962651,1.2962651
2.42,1.5340114,1.0,7.989061832427972,0.8859887,0.8859887
1.0,1.5583919,1.0,8.013442397117608,-0.5583919,0.5583919
10.37,12.505735,10.408708399534227,18.960785865783684,-2.1357355,2.1357355
3.88,2.6142936,1.0,9.069344043731682,1.2657065,1.2657065
6.74,5.640888,3.5438612163066874,12.095938682556145,1.0991116,1.0991116
3.8200002,1.6283637,1.0,8.083414196968072,2.1916366,2.1916366
2.95,1.670614,1.0,8.125664472579949,1.279386,1.279386
1.06,1.6240458,1.0,8.079096317291253,-0.5640459,0.5640459
1.81,1.6119425,1.0,8.066992998123162,0.19805741,0.19805741
2.17,1.5958545,1.0,8.050904989242547,0.57414556,0.57414556
1.73,1.5197723,1.0,7.97482275962829,0.21022773,0.21022773
1.3199999,1.451728,1.0,7.906778454780572,-0.13172805,0.13172805
1.04,1.558382,1.0,8.013432502746575,-0.5183821,0.5183821
1.14,1.5360547,1.0,7.991105198860162,-0.39605474,0.39605474
1.51,1.5973963,1.0,8.052446722984307,-0.087396264,0.087396264
1.73,1.528042,1.0,7.983092427253717,0.20195806,0.20195806
1.86,1.7240138,1.0,8.179064273834221,0.13598621,0.13598621
1.39,1.7263831,1.0,8.181433558464043,-0.3363831,0.3363831
1.3199999,1.5669078,1.0,8.021958231925957,-0.24690783,0.24690783
2.0,1.6653641,1.0,8.120414614677422,0.33463585,0.33463585
2.24,1.6760584,1.0,8.131108880043023,0.5639416,0.5639416
2.9,1.9017626,1.0,8.356813073158257,0.9982375,0.9982375
1.8,1.9480062,1.0,8.403056621551507,-0.1480062,0.1480062
8.26,6.45776,4.360732859373094,12.912810325622551,1.8022404,1.8022404
24.490002,23.328028,21.231000727415086,29.783078193664544,1.161974,1.161974
3.52,1.6244097,1.0,8.079460144042962,1.8955903,1.8955903
1.0699999,1.5128906,1.0,7.967941045761102,-0.44289064,0.44289064
1.1099999,1.4311053,1.0,7.886155724525445,-0.32110536,0.32110536
1.5,1.3891503,1.0,7.844200730323785,0.11084974,0.11084974
1.0799999,1.4972366,1.0,7.952287077903741,-0.4172367,0.4172367
1.79,1.5775918,1.0,8.032642245292656,0.21240819,0.21240819
3.0,4.5826263,2.4855993449687968,11.037676811218255,-1.5826263,1.5826263
12.920001,11.039107,8.94208032488823,17.494157791137688,1.8808937,1.8808937
1.0,1.4826398,1.0,7.937690258026117,-0.4826398,0.4826398
2.74,1.7168949,1.0,8.171945333480828,1.0231051,1.0231051
10.88,12.828705,10.731677836179735,19.283755302429192,-1.9487047,1.9487047
10.42,10.201986,8.10495931506157,16.657036781311028,0.21801376,0.21801376
1.25,1.4522156,1.0,7.907266020774835,-0.20221555,0.20221555
1.01,1.5553617,1.0,8.010412216186516,-0.54536176,0.54536176
8.23,7.742197,5.645170038938524,14.197247505187981,0.4878025,0.4878025
1.83,1.7524387,1.0,8.207489132881157,0.07756138,0.07756138
1.05,1.468997,1.0,7.924047470092767,-0.41899705,0.41899705
1.0,1.7786303,1.0,8.23368072509765,-0.77863026,0.77863026
5.16,7.9729447,5.875917738676073,14.42799520492553,-2.812945,2.812945
7.0899997,6.906472,4.809445208311082,13.36152267456054,0.18352747,0.18352747
4.13,3.1151614,1.0181344211101542,9.570211887359612,1.0148387,1.0148387
2.3799999,1.7847449,1.0,8.239795327186577,0.595255,0.595255
14.45,19.856604,17.759576624631883,26.31165409088134,-5.406604,5.406604
1.0,1.5384066,1.0,7.99345707893371,-0.5384066,0.5384066
1.77,1.7094136,1.0,8.16446411609649,0.060586333,0.060586333
1.82,1.6011492,1.0,8.056199669837945,0.21885085,0.21885085
7.58,10.106216,8.009189432859422,16.56126689910888,-2.5262165,2.5262165
1.01,1.4894078,1.0,7.944458246231073,-0.4794078,0.4794078
1.95,1.7662008,1.0,8.221251249313347,0.18379927,0.18379927
1.0,1.614668,1.0,8.069718480110161,-0.614668,0.614668
5.66,5.6932144,3.5961874186992655,12.148264884948723,-0.03321457,0.03321457
1.2199999,1.6938208,1.0,8.148871302604668,-0.47382092,0.47382092
3.09,1.7587602,1.0,8.213810682296746,1.3312397,1.3312397
1.27,1.7696254,1.0,8.224675893783562,-0.49962544,0.49962544
1.0,1.6197733,1.0,8.074823737144463,-0.61977327,0.61977327
7.48,7.827599,5.730572050809862,14.282649517059319,-0.34759903,0.34759903
1.05,1.7796195,1.0,8.234669923782342,-0.7296195,0.7296195
2.47,2.4035292,1.0,8.85857963562011,0.06647086,0.06647086
1.6,1.9917653,1.0,8.446815729141228,-0.39176524,0.39176524
1.06,1.6471652,1.0,8.102215647697442,-0.58716524,0.58716524
1.0,1.6334502,1.0,8.088500618934624,-0.63345015,0.63345015
1.5,2.4278212,1.0,8.88287162780761,-0.92782116,0.92782116
1.4399999,1.8331643,1.0,8.288214802741997,-0.3931644,0.3931644
1.62,1.7482928,1.0,8.20334327220916,-0.1282928,0.1282928
1.74,1.6822481,1.0,8.137298583984368,0.057751894,0.057751894
1.52,1.8314251,1.0,8.286475539207451,-0.3114251,0.3114251
6.91,7.1513224,5.054295367002489,13.606372833251946,-0.24132252,0.24132252
1.91,2.4094524,1.0,8.86450290679931,-0.49945247,0.49945247
4.5099998,2.813877,1.0,9.268927574157708,1.6961226,1.6961226
1.4599999,1.824695,1.0,8.279745459556572,-0.36469507,0.36469507
1.47,1.6439729,1.0,8.099023342132561,-0.17397285,0.17397285
1.35,1.6804008,1.0,8.135451316833489,-0.33040082,0.33040082
1.65,1.8753637,1.0,8.330414175987237,-0.22536373,0.22536373
1.12,1.6509074,1.0,8.10595786571502,-0.5309074,0.5309074
1.97,2.0514915,1.0,8.50654196739196,-0.08149147,0.08149147
3.8,3.845945,1.7489178836345682,10.300995349884026,-0.04594493,0.04594493
1.74,1.786309,1.0,8.241359472274773,-0.046308994,0.046308994
2.37,1.8309067,1.0,8.285957217216485,0.53909314,0.53909314
23.17,22.525885,20.428857630491258,28.980935096740716,0.64411545,0.64411545
1.71,1.4781909,1.0,7.933241367340082,0.23180914,0.23180914
1.0,1.4080658,1.0,7.8631162643432555,-0.4080658,0.4080658
1.31,1.6758436,1.0,8.130894064903252,-0.36584365,0.36584365
4.02,1.5380515,1.0,7.993101954460138,2.4819484,2.4819484
1.0,1.5060297,1.0,7.961080193519586,-0.5060297,0.5060297
1.13,1.5449332,1.0,7.999983668327325,-0.4149332,0.4149332
1.95,1.6097033,1.0,8.06475377082824,0.34029675,0.34029675
1.5,1.5854497,1.0,8.040500164031975,-0.085449696,0.085449696
8.99,10.2048855,8.107858484983446,16.659935951232903,-1.2148857,1.2148857
1.56,1.4909372,1.0,7.945987701416009,0.06906271,0.06906271
1.9,1.5869526,1.0,8.042003035545342,0.3130474,0.3130474
1.86,1.541825,1.0,7.996875524520868,0.31817496,0.31817496
2.41,1.6018077,1.0,8.056858181953423,0.8081924,0.8081924
1.03,1.5115876,1.0,7.966638088226312,-0.48158765,0.48158765
17.130001,16.455513,14.358486002683641,22.9105634689331,0.67448807,0.67448807
5.75,3.990483,1.8934560477733622,10.44553351402282,1.759517,1.759517
4.48,1.7982475,1.0,8.253297924995415,2.6817527,2.6817527
11.18,6.6314273,4.53440029025078,13.086477756500237,4.548573,4.548573
2.42,1.5997434,1.0,8.054793834686272,0.8202567,0.8202567
1.2199999,1.5664448,1.0,8.021495223045342,-0.34644485,0.34644485
1.9,1.5376049,1.0,7.992655396461481,0.36239505,0.36239505
2.42,1.5355923,1.0,7.990642786025995,0.88440776,0.88440776
1.16,1.566408,1.0,8.02145850658416,-0.40640807,0.40640807
1.0,1.5250164,1.0,7.980066895484918,-0.5250164,0.5250164
2.11,1.5388288,1.0,7.9938793182372985,0.57117105,0.57117105
1.0,1.5226617,1.0,7.9777121543884215,-0.5226617,0.5226617
1.81,1.5169822,1.0,7.972032666206354,0.29301775,0.29301775
5.28,7.327346,5.230318850278856,13.782396316528313,-2.0473456,2.0473456
3.27,1.8592337,1.0,8.3142842054367,1.4107662,1.4107662
1.15,1.5857615,1.0,8.04081201553344,-0.43576157,0.43576157
2.19,1.5065538,1.0,7.961604237556451,0.6834463,0.6834463
1.43,1.4837617,1.0,7.938812136650079,-0.05376172,0.05376172
1.79,1.6747139,1.0,8.12976431846618,0.11528611,0.11528611
1.0999999,1.5849046,1.0,8.03995501995086,-0.48490465,0.48490465
3.63,2.4291215,1.0,8.88417196273803,1.2008786,1.2008786
3.11,1.8776513,1.0,8.332701802253716,1.2323486,1.2323486
1.0,1.4435259,1.0,7.89857637882232,-0.4435259,0.4435259
1.04,1.5688039,1.0,8.023854374885552,-0.52880394,0.52880394
3.44,1.7749183,1.0,8.229968786239617,1.6650817,1.6650817
4.96,2.8262894,1.0,9.281339883804314,2.1337106,2.1337106
1.0,1.3882427,1.0,7.843293190002435,-0.38824272,0.38824272
2.06,1.5092645,1.0,7.9643149375915465,0.5507355,0.5507355
4.95,2.5095232,1.0,8.96457362174987,2.4404767,2.4404767
17.14,17.766796,15.669769114255907,24.221846580505364,-0.6267967,0.6267967
4.0,1.6872848,1.0,8.142335295677178,2.312715,2.312715
1.53,1.5124133,1.0,7.967463731765741,0.017586708,0.017586708
1.12,1.4484205,1.0,7.903470993041986,-0.32842052,0.32842052
3.49,2.9447265,1.0,9.399776935577385,0.54527354,0.54527354
1.8,1.4699488,1.0,7.924999237060541,0.33005118,0.33005118
1.02,1.5635923,1.0,8.018642783164971,-0.54359233,0.54359233
13.420001,15.880703,13.783675974607469,22.335753440856926,-2.460702,2.460702
1.0899999,1.4856387,1.0,7.940689206123346,-0.39563882,0.39563882
1.59,1.5972968,1.0,8.052347302436822,-0.0072968006,0.0072968006
1.14,1.5067441,1.0,7.961794614791864,-0.36674416,0.36674416
6.8399997,10.3466625,8.249635523557664,16.801712989807122,-3.5066628,3.5066628
1.0,1.5009816,1.0,7.956032037734979,-0.50098157,0.50098157
3.3700001,2.5860658,1.0,9.041116237640374,0.78393435,0.78393435
2.49,1.8995726,1.0,8.35462307929992,0.5904274,0.5904274
2.8700001,1.8627156,1.0,8.317766070365899,1.0072845,1.0072845
2.25,1.7967924,1.0,8.251842856407158,0.4532076,0.4532076
1.06,1.5734174,1.0,8.028467893600457,-0.5134175,0.5134175
1.34,1.6441088,1.0,8.09915924072265,-0.30410874,0.30410874
2.95,3.0149412,1.0,9.469991683959954,-0.06494117,0.06494117
1.3199999,1.5860258,1.0,8.041076302528374,-0.2660259,0.2660259
1.02,1.6261973,1.0,8.081247806549065,-0.60619736,0.60619736
1.2399999,1.6479293,1.0,8.102979779243462,-0.40792942,0.40792942
28.28,55.576176,53.479148691892625,62.03122615814208,-27.296175,27.296175
1.03,1.3641036,1.0,7.819154024124139,-0.33410358,0.33410358
9.77,17.304747,15.207719630002977,23.759797096252434,-7.534746,7.534746
18.789999,9.2901745,7.193147486448289,15.745224952697747,9.499825,9.499825
1.01,1.5242195,1.0,7.979269981384271,-0.5142195,0.5142195
6.1499996,2.1113482,1.0,8.566398620605462,4.0386515,4.0386515
2.95,1.7623413,1.0,8.217391729354851,1.1876588,1.1876588
4.41,3.7808933,1.6838663280010233,10.235943794250481,0.6291065,0.6291065
2.89,1.8190467,1.0,8.274097204208367,1.0709534,1.0709534
1.3,1.5322909,1.0,7.987341403961175,-0.23229098,0.23229098
1.48,1.6088734,1.0,8.063923835754387,-0.12887335,0.12887335
3.72,1.6959871,1.0,8.151037573814385,2.024013,2.024013
91.676,84.94082,82.84379178881645,91.39586925506592,6.7351837,6.7351837
1.85,1.577253,1.0,8.032303452491753,0.27274704,0.27274704
1.63,1.6592586,1.0,8.1143090724945,-0.029258609,0.029258609
2.4,2.296173,1.0,8.751223564147942,0.103827,0.103827
3.15,1.8794568,1.0,8.334507226943963,1.2705433,1.2705433
1.14,1.5293528,1.0,7.984403252601617,-0.3893528,0.3893528
2.54,1.5396535,1.0,7.994704008102411,1.0003464,1.0003464
3.7,5.7684164,3.6713894069194803,12.223466873168938,-2.0684164,2.0684164
64.36,53.14562,51.04859144091606,59.60066890716552,11.214382,11.214382
5.28,1.7087052,1.0,8.16375565528869,3.571295,3.571295
1.25,1.4492785,1.0,7.904328942298883,-0.19927847,0.19927847
43.17,30.141722,28.044694727659227,36.596772193908684,13.028276,13.028276
1.25,1.6450396,1.0,8.100090026855462,-0.39503956,0.39503956
10.51,2.6600258,1.0,9.115076303482049,7.8499746,7.8499746
1.38,1.5717607,1.0,8.02681112289428,-0.19176066,0.19176066
26.020002,25.347616,23.25058919787407,31.802666664123528,0.67238617,0.67238617
3.6000001,2.1496527,1.0,8.604703187942498,1.4503474,1.4503474
1.59,1.5218625,1.0,7.976912975311273,0.06813753,0.06813753
1.43,1.659377,1.0,8.114427447319024,-0.22937703,0.22937703
1.27,1.488326,1.0,7.9433764219283995,-0.21832597,0.21832597
7.0099998,6.424047,4.327019995450975,12.879097461700432,0.58595276,0.58595276
4.02,2.4922268,1.0,8.947277307510369,1.5277731,1.5277731
1.13,1.5263268,1.0,7.98137724399566,-0.39632678,0.39632678
1.02,1.566432,1.0,8.02148246765136,-0.546432,0.546432
1.0,1.4818836,1.0,7.936934113502496,-0.48188365,0.48188365
1.55,1.5071023,1.0,7.9621527194976744,0.0428977,0.0428977
1.76,1.5143716,1.0,7.969422101974481,0.24562836,0.24562836
1.16,1.5326009,1.0,7.9876513481140075,-0.3726009,0.3726009
57.53,45.95968,43.8626516520977,52.41472911834716,11.57032,11.57032
1.02,1.7375453,1.0,8.19259572029113,-0.7175453,0.7175453
1.2299999,1.5509915,1.0,8.006042003631585,-0.32099164,0.32099164
7.3699994,6.9885745,4.891547507047655,13.443624973297112,0.3814249,0.3814249
1.0,1.5029154,1.0,7.957965850830072,-0.5029154,0.5029154
2.72,1.6729606,1.0,8.128011107444756,1.0470394,1.0470394
1.0899999,1.553303,1.0,8.008353471755974,-0.4633031,0.4633031
1.4499999,1.5122733,1.0,7.967323780059808,-0.062273383,0.062273383
2.09,1.6803353,1.0,8.135385751724236,0.40966463,0.40966463
1.2099999,1.5597454,1.0,8.014795899391167,-0.3497455,0.3497455
1.1099999,1.5543928,1.0,8.009443283081048,-0.44439292,0.44439292
1.73,1.5188794,1.0,7.973929882049554,0.2111206,0.2111206
1.86,1.5378522,1.0,7.992902636528009,0.32214785,0.32214785
1.0,1.4794605,1.0,7.9345109462737975,-0.47946048,0.47946048
1.6899999,1.5677205,1.0,8.022771000862114,0.122279406,0.122279406
1.65,1.498988,1.0,7.954038500785821,0.15101194,0.15101194
2.89,1.5457766,1.0,8.000827074050896,1.3442235,1.3442235
37.670002,22.465767,20.36873990893364,28.9208173751831,15.204235,15.204235
1.53,1.6022089,1.0,8.057259321212761,-0.07220888,0.07220888
1.68,1.5818118,1.0,8.036862254142754,0.09818816,0.09818816
2.2,1.590578,1.0,8.04562842845916,0.6094221,0.6094221
72.27,77.39135,75.29432279467582,83.8464002609253,-5.121353,5.121353
1.74,1.4225781,1.0,7.8776285648345885,0.3174219,0.3174219
1.86,1.6468143,1.0,8.101864814758294,0.21318567,0.21318567
3.76,2.948578,1.0,9.403628349304192,0.8114221,0.8114221
22.85,18.500511,16.403484171628953,24.95556163787841,4.349489,4.349489
4.5699997,1.627458,1.0,8.082508444786065,2.9425416,2.9425416
6.81,6.9585123,4.861485308408739,13.413562774658196,-0.14851236,0.14851236
2.93,1.6406974,1.0,8.095747828483574,1.2893027,1.2893027
2.19,1.6467645,1.0,8.101814985275261,0.54323554,0.54323554
5.5,6.664983,4.567955797910692,13.12003326416015,-1.1649828,1.1649828
2.27,1.5743213,1.0,8.02937173843383,0.6956787,0.6956787
2.1,1.5486115,1.0,8.003661990165703,0.5513884,0.5513884
1.78,1.4775734,1.0,7.932623863220209,0.30242658,0.30242658
1.74,1.4504225,1.0,7.905472993850702,0.28957748,0.28957748
1.0,1.4637591,1.0,7.918809533119195,-0.46375906,0.46375906
7.2599998,6.174698,4.077670878171922,12.62974834442138,1.0853019,1.0853019
57.789997,39.416298,37.319270914793016,45.87134838104247,18.3737,18.3737
1.83,1.4822478,1.0,7.937298297882074,0.3477522,0.3477522
1.2399999,1.4854492,1.0,7.94049966335296,-0.2454493,0.2454493
1.01,1.53914,1.0,7.994190454483026,-0.52914,0.52914
1.14,1.4743288,1.0,7.9293792247772155,-0.33432877,0.33432877
3.69,1.9855226,1.0,8.440573096275322,1.7044774,1.7044774
2.63,1.660852,1.0,8.115902423858635,0.96914816,0.96914816
7.4700003,10.808562,8.711535280942918,17.263612747192376,-3.338562,3.338562
1.0,1.5352917,1.0,7.990342140197748,-0.5352917,0.5352917
2.6,2.3251567,1.0,8.780207157135003,0.27484322,0.27484322
2.07,1.528994,1.0,7.9840444326400695,0.54100597,0.54100597
2.7,1.5376856,1.0,7.9927361011505065,1.1623144,1.1623144
3.27,1.5820836,1.0,8.03713405132293,1.6879164,1.6879164
25.16,19.214005,17.116977518796922,25.66905498504638,5.9459953,5.9459953
1.01,1.461395,1.0,7.916445493698114,-0.45139503,0.45139503
4.08,2.4258647,1.0,8.880915164947503,1.6541352,1.6541352
2.34,1.5310439,1.0,7.986094355583185,0.808956,0.808956
3.23,1.6526942,1.0,8.107744693756096,1.5773058,1.5773058
1.95,1.5045314,1.0,7.959581851959222,0.44546866,0.44546866
23.789999,21.658371,19.561343973875047,28.113421440124505,2.131628,2.131628
13.540001,13.437334,11.340307062864305,19.892384529113762,0.102666855,0.102666855
1.03,1.4644954,1.0,7.919545888900751,-0.43449545,0.43449545
1.13,1.5375421,1.0,7.992592573165887,-0.4075421,0.4075421
2.25,1.5151093,1.0,7.970159769058221,0.7348907,0.7348907
3.0,1.8406869,1.0,8.29573738574981,1.1593131,1.1593131
2.26,2.0264423,1.0,8.481492757797234,0.2335577,0.2335577
1.17,1.5369619,1.0,7.992012381553644,-0.36696196,0.36696196
1.05,1.5062789,1.0,7.961329340934747,-0.45627892,0.45627892
8.74,5.6674666,3.5704396426677714,12.12251710891723,3.0725331,3.0725331
1.12,1.5113509,1.0,7.966401338577264,-0.39135087,0.39135087
2.29,1.5346143,1.0,7.98966479301452,0.75538564,0.75538564
2.59,3.1804547,1.083427733182908,9.635505199432366,-0.5904548,0.5904548
1.68,4.3407965,2.243769472837449,10.795846939086907,-2.6607966,2.6607966
52.05,67.33223,65.23520261645317,73.78728008270264,-15.28223,15.28223
2.17,1.4801192,1.0,7.935169696807855,0.68988085,0.68988085
1.2199999,1.5335383,1.0,7.988588809967035,-0.31353843,0.31353843
1.2399999,1.5963023,1.0,8.0513527393341,-0.35630238,0.35630238
2.06,1.4952213,1.0,7.950271725654596,0.5647787,0.5647787
2.22,1.5506854,1.0,8.005735874176018,0.6693146,0.6693146
1.1999999,1.6711655,1.0,8.12621593475341,-0.47116554,0.47116554
26.19,20.21124,18.114213770627977,26.666291236877434,5.97876,5.97876
1.3,1.4752663,1.0,7.930316805839532,-0.17526639,0.17526639
1.49,1.5452738,1.0,8.000324249267571,-0.05527377,0.05527377
6.93,4.4404874,2.343460386991502,10.89553785324096,2.4895124,2.4895124
1.14,1.5146431,1.0,7.969693541526788,-0.3746431,0.3746431
1.03,1.5517758,1.0,8.00682628154754,-0.52177584,0.52177584
1.48,1.537548,1.0,7.992598414421075,-0.057547927,0.057547927
7.74,8.105531,6.008503741025926,14.560581207275384,-0.36553097,0.36553097
9.389999,8.347876,6.250848597288133,14.80292606353759,1.0421238,1.0421238
4.49,1.972425,1.0,8.427475452423089,2.5175748,2.5175748
3.2,1.5713546,1.0,8.02640509605407,1.6286454,1.6286454
1.98,1.6719263,1.0,8.126976728439324,0.30807376,0.30807376
2.89,1.7684588,1.0,8.223509311676018,1.1215413,1.1215413
3.5600002,1.6337116,1.0,8.088762044906609,1.9262886,1.9262886
2.32,1.5058271,1.0,7.96087753772735,0.81417286,0.81417286
1.65,1.5691029,1.0,8.024153351783745,0.08089709,0.08089709
2.26,1.5154586,1.0,7.970509052276605,0.7445414,0.7445414
1.02,1.5242102,1.0,7.979260683059686,-0.50421023,0.50421023
9.02,10.605147,8.50812036395073,17.060197830200188,-1.5851469,1.5851469
1.04,1.5544057,1.0,8.009456157684319,-0.5144057,0.5144057
7.8399997,9.104992,7.007964915037157,15.560042381286614,-1.2649922,1.2649922
91.676,87.80972,85.71269590258598,94.26477336883545,3.8662796,3.8662796
1.28,1.3655924,1.0,7.820642828941339,-0.08559239,0.08559239
4.16,2.3306146,1.0,8.785665035247796,1.8293853,1.8293853
91.676,85.85571,83.75868589282035,92.31076335906982,5.8202896,5.8202896
2.5,1.7867917,1.0,8.241842150688164,0.7132083,0.7132083
1.13,1.5079193,1.0,7.9629697799682555,-0.37791932,0.37791932
1.66,1.581428,1.0,8.03647851943969,0.078571916,0.078571916
24.87,14.631535,12.534507578611375,21.086585044860833,10.238466,10.238466
1.0,1.53728,1.0,7.992330431938165,-0.53727996,0.53727996
2.52,1.4920721,1.0,7.947122573852533,1.0279279,1.0279279
2.91,1.6587533,1.0,8.113803744316094,1.2512468,1.2512468
45.6,29.795948,27.698921030759813,36.25099849700927,15.80405,15.80405
1.54,1.5024093,1.0,7.957459807395929,0.037590623,0.037590623
1.56,1.5361483,1.0,7.99119877815246,0.023851633,0.023851633
1.47,1.5754125,1.0,8.030462980270379,-0.10541248,0.10541248
8.82,7.5757723,5.4787452876567855,14.030822753906243,1.2442274,1.2442274
1.29,1.541979,1.0,7.997029423713678,-0.251979,0.251979
1.1099999,1.6039112,1.0,8.058961629867547,-0.49391127,0.49391127
1.35,1.5331612,1.0,7.988211631774896,-0.18316114,0.18316114
1.26,1.6187459,1.0,8.073796391487114,-0.35874593,0.35874593
31.109999,22.417112,20.320085352659227,28.872162818908684,8.692886,8.692886
1.0,1.5297402,1.0,7.984790682792657,-0.5297402,0.5297402
11.38,5.104587,3.0075600802898417,11.5596375465393,6.275413,6.275413
1.39,1.6298511,1.0,8.084901571273797,-0.23985112,0.23985112
2.56,2.6611893,1.0,9.116239786148064,-0.101189375,0.101189375
1.0,1.5454369,1.0,8.000487327575676,-0.54543686,0.54543686
32.11,34.798607,32.70157987475395,41.25365734100341,-2.6886063,2.6886063
3.69,2.0654433,1.0,8.520493745803826,1.6245568,1.6245568
1.0,1.4755833,1.0,7.930633783340448,-0.4755833,0.4755833
21.220001,16.698862,14.601835078001024,23.15391254425048,4.521139,4.521139
1.65,1.5383636,1.0,7.993414044380182,0.1116364,0.1116364
7.2699995,4.732207,2.6351798236370096,11.187257289886468,2.5377927,2.5377927
1.4399999,1.6376276,1.0,8.092678070068352,-0.19762766,0.19762766
3.23,4.109775,2.0127480685710917,10.56482553482055,-0.87977505,0.87977505
2.66,4.375825,2.2787979304790507,10.830875396728509,-1.7158248,1.7158248
3.93,6.4124393,4.315412348508836,12.867489814758294,-2.4824393,2.4824393
1.0,1.6167811,1.0,8.071831583976739,-0.6167811,0.6167811
1.4499999,1.5495561,1.0,8.004606604576104,-0.09955621,0.09955621
1.04,1.5409756,1.0,7.996026039123529,-0.5009756,0.5009756
15.660001,17.280872,15.183845347166063,23.73592281341552,-1.6208715,1.6208715
1.6,1.5744681,1.0,8.029518604278557,0.025531888,0.025531888
1.0999999,1.5339952,1.0,7.989045619964593,-0.43399525,0.43399525
2.78,1.8182219,1.0,8.273272395133965,0.96177804,0.96177804
3.14,2.60086,1.0,9.055910587310784,0.53914,0.53914
2.86,2.106512,1.0,8.561562538146966,0.7534878,0.7534878
1.12,1.7022291,1.0,8.157279610633843,-0.58222914,0.58222914
1.61,1.603422,1.0,8.05847251415252,0.0065779686,0.0065779686
2.89,1.7089622,1.0,8.16401267051696,1.1810379,1.1810379
1.2399999,1.4965881,1.0,7.951638579368585,-0.25658822,0.25658822
2.3,1.7070886,1.0,8.162139058113091,0.59291136,0.59291136
1.0,1.5778193,1.0,8.032869815826409,-0.57781935,0.57781935
1.0999999,1.5277901,1.0,7.982840538024896,-0.42779016,0.42779016
1.38,1.5115795,1.0,7.966629981994623,-0.13157952,0.13157952
69.88,88.254585,86.15755826830863,94.7096357345581,-18.374588,18.374588
1.0699999,1.4890283,1.0,7.944078803062433,-0.4190284,0.4190284
1.77,1.596541,1.0,8.05159151554107,0.17345893,0.17345893
2.24,2.7732642,1.0,9.22831463813781,-0.53326416,0.53326416
1.0699999,1.494883,1.0,7.949933409690851,-0.424883,0.424883
1.0,1.5383937,1.0,7.993444204330438,-0.53839374,0.53839374
1.02,1.5770051,1.0,8.032055616378777,-0.55700517,0.55700517
1.5799999,1.5035673,1.0,7.958617806434625,0.076432586,0.076432586
1.13,1.6025716,1.0,8.057622075080864,-0.4725716,0.4725716
2.07,1.5845834,1.0,8.03963387012481,0.48541653,0.48541653
1.26,1.520684,1.0,7.975734472274774,-0.260684,0.260684
1.42,1.5868047,1.0,8.041855216026299,-0.16680479,0.16680479
11.540001,8.951143,6.8541162669658675,15.406193733215325,2.5888577,2.5888577
1.31,1.6035945,1.0,8.0586450099945,-0.2935946,0.2935946
1.42,1.5808332,1.0,8.035883665084832,-0.16083324,0.16083324
2.04,1.6112773,1.0,8.066327810287468,0.42872262,0.42872262
1.41,1.597388,1.0,8.052438497543328,-0.18738806,0.18738806
4.76,3.3753636,1.2783365905284891,9.830414056777947,1.3846366,1.3846366
7.2099996,8.954382,6.857354944944383,15.40943241119384,-1.7443824,1.7443824
4.08,3.975314,1.8782869040966044,10.430364370346062,0.10468602,0.10468602
28.44,22.045568,19.948541468381883,28.50061893463134,6.394432,6.394432
2.07,1.6731112,1.0,8.128161668777459,0.39688873,0.39688873
1.2299999,1.5207541,1.0,7.97580456733703,-0.2907542,0.2907542
2.1299999,1.6208571,1.0,8.075907588005059,0.50914276,0.50914276
2.11,1.5502362,1.0,8.005286693572991,0.55976367,0.55976367
5.83,5.000538,2.9035108745098124,11.45558834075927,0.82946205,0.82946205
1.9,1.5791966,1.0,8.034247040748589,0.3208034,0.3208034
2.14,1.5901312,1.0,8.045181632041924,0.54986894,0.54986894
7.8999996,6.6332784,4.536251372098924,13.088328838348382,1.2667212,1.2667212
1.77,1.5397716,1.0,7.994822025299066,0.23022842,0.23022842
3.07,1.6367803,1.0,8.091830730438225,1.4332197,1.4332197
1.6,1.6847497,1.0,8.139800190925591,-0.0847497,0.0847497
1.15,1.5458016,1.0,8.000852108001702,-0.39580166,0.39580166
1.73,1.4511986,1.0,7.906249046325677,0.27880144,0.27880144
1.4599999,1.452815,1.0,7.907865524291986,0.007184863,0.007184863
1.25,1.4727547,1.0,7.927805185317987,-0.22275472,0.22275472
4.21,3.4008656,1.3038385570049296,9.855916023254387,0.8091345,0.8091345
2.54,1.4395988,1.0,7.894649267196649,1.1004012,1.1004012
1.0,1.4782958,1.0,7.933346271514886,-0.4782958,0.4782958
2.33,1.6871139,1.0,8.142164349555962,0.64288604,0.64288604
2.07,1.5051789,1.0,7.960229396820062,0.564821,0.564821
1.12,1.4739559,1.0,7.929006338119501,-0.35395586,0.35395586
1.0,1.4456974,1.0,7.9007478952407775,-0.44569743,0.44569743
1.0699999,1.4555491,1.0,7.910599589347833,-0.3855492,0.3855492
1.4499999,1.5760627,1.0,8.031113147735589,-0.12606275,0.12606275
1.13,1.4085294,1.0,7.8635798692703185,-0.2785294,0.2785294
1.03,1.3864827,1.0,7.8415331840515075,-0.35648274,0.35648274
1.51,1.4578036,1.0,7.9128540754318175,0.052196383,0.052196383
1.14,1.4678633,1.0,7.922913789749139,-0.32786334,0.32786334
2.36,1.561245,1.0,8.016295433044426,0.79875493,0.79875493
5.5699997,6.14996,4.052933043241502,12.60501050949096,-0.57996035,0.57996035
3.53,2.3853154,1.0,8.840365886688225,1.1446846,1.1446846
6.7799997,5.6946926,3.597665613889695,12.149743080139153,1.0853071,1.0853071
1.67,1.8362429,1.0,8.291293382644646,-0.16624296,0.16624296
1.3199999,1.6940751,1.0,8.14912557601928,-0.37407517,0.37407517
1.63,1.5691497,1.0,8.024200201034539,0.060850263,0.060850263
1.0,1.6950809,1.0,8.15013134479522,-0.6950809,0.6950809
1.13,1.5801654,1.0,8.035215854644768,-0.4501654,0.4501654
1.39,1.7338415,1.0,8.188892006874077,-0.34384155,0.34384155
1.75,2.17723,1.0,8.632280349731438,-0.42722988,0.42722988
3.1200001,1.9401923,1.0,8.395242810249322,1.1798078,1.1798078
2.24,1.5994748,1.0,8.054525256156914,0.6405252,0.6405252
1.14,1.6758845,1.0,8.130934953689568,-0.5358845,0.5358845
1.05,1.4594617,1.0,7.914512157440179,-0.40946174,0.40946174
1.1899999,1.7181644,1.0,8.173214912414544,-0.5281645,0.5281645
1.2099999,1.49385,1.0,7.948900461196893,-0.28385007,0.28385007
1.35,1.6190054,1.0,8.074055910110467,-0.26900542,0.26900542
2.65,1.9505303,1.0,8.405580759048455,0.6994698,0.6994698
1.56,1.6928219,1.0,8.147872328758233,-0.13282192,0.13282192
9.92,8.03809,5.941062754392625,14.493140220642083,1.8819103,1.8819103
1.59,1.7689266,1.0,8.223977088928216,-0.17892659,0.17892659
3.75,3.402671,1.3056441009044657,9.857721567153924,0.3473289,0.3473289
1.49,1.5461041,1.0,8.001154541969292,-0.056104064,0.056104064
1.14,1.5974939,1.0,8.052544355392449,-0.4574939,0.4574939
1.8,1.6101272,1.0,8.065177679061883,0.18987274,0.18987274
41.559998,38.470966,36.37393934130669,44.926016807556145,3.0890312,3.0890312
3.3700001,1.7707568,1.0,8.225807309150689,1.5992433,1.5992433
1.4499999,1.484126,1.0,7.939176440238946,-0.034126043,0.034126043
2.47,1.5851046,1.0,8.040155053138726,0.88489544,0.88489544
1.76,1.4562641,1.0,7.911314606666559,0.30373585,0.30373585
10.55,12.786501,10.689473932981493,19.24155139923095,-2.2365007,2.2365007
1.0,1.5686415,1.0,8.023692011833184,-0.56864154,0.56864154
14.91,16.539282,14.442254847288133,22.99433231353759,-1.629282,1.629282
1.39,1.5453806,1.0,8.000431060791009,-0.1553806,0.1553806
2.06,1.526608,1.0,7.981658458709711,0.53339195,0.53339195
3.8700001,2.1568885,1.0,8.611938953399651,1.7131116,1.7131116
3.06,1.5841289,1.0,8.039179325103753,1.4758711,1.4758711
7.4500003,7.5561643,5.459137266874315,14.011214733123772,-0.10616398,0.10616398
1.02,1.5676038,1.0,8.022654294967644,-0.54760385,0.54760385
1.25,1.5033549,1.0,7.958405375480646,-0.2533549,0.2533549
4.5899997,3.981845,1.8848179042339335,10.436895370483391,0.6081548,0.6081548
1.87,1.4566742,1.0,7.911724686622613,0.4133258,0.4133258
2.57,1.6695526,1.0,8.124603033065789,0.90044737,0.90044737
2.65,1.6541514,1.0,8.109201908111565,0.99584866,0.99584866
1.98,1.769593,1.0,8.224643468856804,0.21040702,0.21040702
1.0,1.4792006,1.0,7.934251070022577,-0.4792006,0.4792006
7.3999996,6.221901,4.124873942136766,12.676951408386223,1.1780987,1.1780987
2.91,1.4918051,1.0,7.946855545043939,1.418195,1.418195
1.03,1.5904831,1.0,8.045533537864678,-0.5604831,0.5604831
8.88,9.445743,7.348715609312059,15.900793075561516,-0.5657425,0.5657425
1.63,1.4818865,1.0,7.936936974525445,0.14811349,0.14811349
38.52,28.502535,26.405507868528368,34.957585334777825,10.017466,10.017466
2.42,1.4704621,1.0,7.925512552261346,0.949538,0.949538
3.3500001,2.1028695,1.0,8.557919979095452,1.2471306,1.2471306
1.25,1.5669273,1.0,8.021977782249444,-0.3169273,0.3169273
1.56,1.5344923,1.0,7.98954272270202,0.025507689,0.025507689
1.48,1.4852306,1.0,7.940281033515924,-0.005230546,0.005230546
43.01,54.450054,52.35302717089653,60.90510463714599,-11.440056,11.440056
91.676,87.4019,85.30487424731254,93.85695171356201,4.2741013,4.2741013
1.54,1.3800718,1.0,7.835122227668756,0.1599282,0.1599282
1.5799999,1.519104,1.0,7.974154472351068,0.06089592,0.06089592
3.72,1.5276959,1.0,7.982746362686151,2.1923041,2.1923041
1.36,1.5185251,1.0,7.973575592041009,-0.15852511,0.15852511
1.42,1.6567019,1.0,8.111752390861504,-0.23670197,0.23670197
2.3,1.6929381,1.0,8.147988557815545,0.60706186,0.60706186
1.13,1.498753,1.0,7.953803420066827,-0.36875296,0.36875296
19.800001,14.237993,12.140966242551805,20.693043708801262,5.562008,5.562008
1.0,1.6121451,1.0,8.067195534706109,-0.61214507,0.61214507
4.2999997,2.5066628,1.0,8.96171331405639,1.7933369,1.7933369
1.34,1.6071538,1.0,8.062204241752617,-0.26715374,0.26715374
18.31,12.878403,10.781375712156297,19.333453178405755,5.4315968,5.4315968
2.45,2.705258,1.0,9.16030836105346,-0.25525784,0.25525784
1.05,1.5206277,1.0,7.975678205490106,-0.47062778,0.47062778
1.03,1.5639987,1.0,8.01904916763305,-0.5339987,0.5339987
2.46,3.4535525,1.3565254867076884,9.908602952957146,-0.99355245,0.99355245
8.51,7.8672733,5.770246332883836,14.322323799133294,0.6427269,0.6427269
3.8300002,2.2860718,1.0,8.741122245788567,1.5439284,1.5439284
1.0,1.595209,1.0,8.05025947093963,-0.595209,0.595209
2.3899999,1.58383,1.0,8.038880467414849,0.80616987,0.80616987
1.16,1.4951502,1.0,7.950200676918024,-0.33515024,0.33515024
1.67,1.5456164,1.0,8.00066685676574,0.12438357,0.12438357
41.97,35.432938,33.33591062426567,41.88798809051513,6.5370636,6.5370636
1.73,2.0628026,1.0,8.517853021621697,-0.33280253,0.33280253
9.87,3.6253664,1.5283394515514384,10.080416917800896,6.2446337,6.2446337
1.28,1.5892254,1.0,8.044275879859917,-0.30922544,0.30922544
26.99,47.531445,45.43441755175591,53.986495018005364,-20.541445,20.541445
2.8700001,1.5055393,1.0,7.960589766502374,1.3644608,1.3644608
1.34,1.661771,1.0,8.116821527481072,-0.32177103,0.32177103
2.79,1.5683104,1.0,8.023360848426812,1.2216896,1.2216896
1.41,1.6311063,1.0,8.086156725883477,-0.22110629,0.22110629
3.5700002,3.193137,1.0961099326610575,9.648187398910515,0.37686324,0.37686324
1.4,1.587984,1.0,8.043034434318535,-0.18798399,0.18798399
1.15,1.4885228,1.0,7.943573236465448,-0.3385228,0.3385228
2.74,1.7807595,1.0,8.235809922218316,0.95924056,0.95924056
2.34,1.7099216,1.0,8.164972066879265,0.6300783,0.6300783
1.98,1.7227187,1.0,8.177769184112542,0.2572813,0.2572813
1.53,1.5935163,1.0,8.048566818237298,-0.06351638,0.06351638
5.96,2.720913,1.0,9.175963401794426,3.239087,3.239087
1.0,1.608554,1.0,8.06360447406768,-0.608554,0.608554
1.82,1.5636312,1.0,8.018681645393364,0.25636888,0.25636888
1.18,1.5371252,1.0,7.992175698280328,-0.35712528,0.35712528
1.62,1.5159327,1.0,7.970983147621149,0.104067326,0.104067326
1.64,1.5771437,1.0,8.032194137573235,0.06285632,0.06285632
1.1999999,1.5262886,1.0,7.981339097023004,-0.3262887,0.3262887
1.92,1.5825971,1.0,8.037647604942315,0.33740282,0.33740282
1.8,1.6836295,1.0,8.138679981231682,0.11637044,0.11637044
2.3899999,1.796378,1.0,8.25142848491668,0.59362185,0.59362185
2.66,1.4869875,1.0,7.942037940025323,1.1730126,1.1730126
10.29,10.76559,8.668562716245653,17.22064018249511,-0.47558975,0.47558975
1.65,1.5495645,1.0,8.004614949226372,0.100435495,0.100435495
36.96,36.617294,34.5202673137188,43.072344779968255,0.34270477,0.34270477
1.0699999,1.501498,1.0,7.956548452377313,-0.43149805,0.43149805
1.2399999,1.6157569,1.0,8.070807337760918,-0.37575698,0.37575698
4.56,1.6423649,1.0,8.09741532802581,2.917635,2.917635
1.1099999,1.5207183,1.0,7.975768804550165,-0.41071844,0.41071844
1.4499999,1.5715576,1.0,8.026608109474175,-0.12155771,0.12155771
1.61,1.647507,1.0,8.102557420730584,-0.037506938,0.037506938
2.34,1.5186383,1.0,7.973688721656793,0.82136166,0.82136166
3.71,1.6996845,1.0,8.154734969139092,2.0103154,2.0103154
3.42,1.5198383,1.0,7.974888801574701,1.9001617,1.9001617
1.41,1.5374453,1.0,7.992495775222772,-0.12744534,0.12744534
10.9800005,11.979517,9.882489985227586,18.434567451477044,-0.9995165,0.9995165
1.79,1.4297231,1.0,7.884773612022394,0.36027682,0.36027682
1.12,1.623631,1.0,8.078681468963616,-0.503631,0.503631
3.14,1.6719549,1.0,8.127005338668816,1.4680452,1.4680452
4.78,2.5000541,1.0,8.955104589462273,2.279946,2.279946
4.0299997,1.6507295,1.0,8.10578000545501,2.37927,2.37927
1.2099999,1.5322378,1.0,7.987288236618036,-0.32223785,0.32223785
6.27,8.297462,6.200435465574266,14.752512931823723,-2.0274625,2.0274625
2.59,1.5279248,1.0,7.9829752445220885,1.0620751,1.0620751
2.74,1.5091877,1.0,7.964238166809076,1.2308123,1.2308123
1.2199999,1.5941693,1.0,8.049219727516167,-0.37416935,0.37416935
1.93,1.5038997,1.0,7.958950161933893,0.42610025,0.42610025
1.4599999,1.5584784,1.0,8.013528823852532,-0.09847844,0.09847844
1.31,1.5207491,1.0,7.975799560546869,-0.21074915,0.21074915
2.0,1.4951472,1.0,7.950197696685785,0.5048528,0.5048528
91.676,85.74612,83.64908964037895,92.20116710662842,5.929886,5.929886
1.6899999,2.232707,1.0,8.687757492065423,-0.5427071,0.5427071
1.83,1.8953701,1.0,8.350420594215386,-0.06537008,0.06537008
1.43,2.3889642,1.0,8.844014644622796,-0.9589642,0.9589642
1.39,1.5183287,1.0,7.97337913513183,-0.12832868,0.12832868
3.01,1.5434694,1.0,7.998519897460931,1.4665306,1.4665306
91.676,87.49228,85.39525205492973,93.9473295211792,4.1837234,4.1837234
1.35,1.3688755,1.0,7.823925971984857,-0.01887548,0.01887548
1.8,1.530236,1.0,7.985286474227899,0.26976395,0.26976395
1.1099999,1.5902526,1.0,8.045303106307976,-0.48025274,0.48025274
1.51,1.5061535,1.0,7.96120393276214,0.0038465261,0.0038465261
1.2399999,1.4689528,1.0,7.924003243446344,-0.22895288,0.22895288
1.49,1.5464667,1.0,8.001517176628106,-0.0564667,0.0564667
2.35,2.2679684,1.0,8.723018884658806,0.08203149,0.08203149
2.1,3.6485682,1.551541155576707,10.103618621826165,-1.5485682,1.5485682
1.06,1.5193689,1.0,7.97441935539245,-0.45936894,0.45936894
1.0,1.467648,1.0,7.922698497772211,-0.46764803,0.46764803
3.02,1.5496869,1.0,8.004737377166741,1.4703131,1.4703131
3.5900002,2.1729226,1.0,8.62797307968139,1.4170775,1.4170775
1.87,1.5177249,1.0,7.972775340080255,0.35227513,0.35227513
1.8,1.5037109,1.0,7.958761334419244,0.2962891,0.2962891
1.18,1.4548763,1.0,7.9099267721176085,-0.27487636,0.27487636
3.09,1.6267318,1.0,8.081782221794121,1.4632682,1.4632682
1.72,1.5169183,1.0,7.971968770027154,0.20308173,0.20308173
1.43,1.5567486,1.0,8.01179909706115,-0.12674868,0.12674868
9.21,8.821058,6.724031275510789,15.276108741760247,0.38894176,0.38894176
1.76,1.6466025,1.0,8.101652979850762,0.11339748,0.11339748
1.41,1.6559834,1.0,8.111033916473382,-0.24598348,0.24598348
2.11,1.5811267,1.0,8.036177158355706,0.5288732,0.5288732
4.38,5.4390435,3.3420165240764628,11.89409399032592,-1.0590434,1.0590434
1.02,1.5820557,1.0,8.037106156349175,-0.5620557,0.5620557
10.440001,8.63649,6.539462870359422,15.09154033660888,1.8035107,1.8035107
1.04,1.488426,1.0,7.943476438522333,-0.448426,0.448426
1.5,1.6732421,1.0,8.128292560577385,-0.17324209,0.17324209
1.0,1.4571444,1.0,7.912194848060602,-0.45714438,0.45714438
4.13,4.814855,2.7178281009197245,11.269905567169182,-0.684855,0.684855
1.03,1.5063378,1.0,7.961388230323785,-0.4763378,0.4763378
2.03,3.0594604,1.0,9.514510869979851,-1.0294604,1.0294604
1.82,3.3342545,1.2372275054454813,9.78930497169494,-1.5142545,1.5142545
4.24,2.7565184,1.0,9.211568832397454,1.4834814,1.4834814
1.67,1.6188005,1.0,8.073850989341729,0.051199436,0.051199436
5.91,3.2761216,1.1790946185588846,9.731172084808343,2.6338782,2.6338782
3.19,1.9111377,1.0,8.366188168525689,1.2788624,1.2788624
3.97,2.4366503,1.0,8.8917007446289,1.5333498,1.5333498
1.35,1.8431472,1.0,8.298197627067559,-0.49314713,0.49314713
2.42,1.960442,1.0,8.415492415428155,0.45955813,0.45955813
1.0899999,1.7541866,1.0,8.20923709869384,-0.6641867,0.6641867
9.950001,9.743988,7.646961039304735,16.199038505554192,0.20601273,0.20601273
4.64,2.3705468,1.0,8.825597286224358,2.269453,2.269453
1.72,1.6451467,1.0,8.100197196006768,0.0748533,0.0748533
8.67,5.5217886,3.424761599302293,11.97683906555175,3.1482115,3.1482115
2.36,1.732695,1.0,8.187745451927178,0.6273049,0.6273049
1.12,1.558535,1.0,8.013585448265069,-0.43853498,0.43853498
2.18,1.8082867,1.0,8.263337135314934,0.3717134,0.3717134
1.79,1.6301545,1.0,8.085204958915703,0.15984547,0.15984547
1.6,1.5951111,1.0,8.050161600112908,0.004888892,0.004888892
1.2199999,1.6998974,1.0,8.15494787693023,-0.4798975,0.4798975
1.42,1.5034682,1.0,7.958518624305719,-0.0834682,0.0834682
1.68,1.6309142,1.0,8.08596467971801,0.049085736,0.049085736
3.55,2.0700593,1.0,8.525109767913811,1.4799407,1.4799407
3.15,3.207472,1.110445088148118,9.662522554397576,-0.05747199,0.05747199
5.88,5.8459964,3.748969382047654,12.301046848297112,0.034003735,0.034003735
6.1499996,4.4895997,2.392572706937791,10.944650173187249,1.6603999,1.6603999
1.03,1.4632181,1.0,7.918268561363214,-0.43321812,0.43321812
1.91,1.6010854,1.0,8.056135892868035,0.30891454,0.30891454
1.1999999,1.4480423,1.0,7.903092741966241,-0.24804235,0.24804235
1.15,1.5884026,1.0,8.043453097343438,-0.43840265,0.43840265
7.2599998,6.3637366,4.266709631681444,12.818787097930901,0.8962631,0.8962631
1.47,1.7261889,1.0,8.181239366531365,-0.25618887,0.25618887
2.21,1.6177093,1.0,8.07275974750518,0.59229076,0.59229076
1.1099999,1.6665332,1.0,8.121583700180047,-0.55653334,0.55653334
11.02,8.769982,6.67295534014702,15.225032806396477,2.2500181,2.2500181
7.57,5.1386056,3.041578596830369,11.593656063079827,2.4313946,2.4313946
1.0699999,1.5937703,1.0,8.04882073402404,-0.52377033,0.52377033
1.0,1.4798471,1.0,7.934897541999811,-0.47984707,0.47984707
1.49,1.5941677,1.0,8.049218177795403,-0.1041677,0.1041677
3.6100001,2.269736,1.0,8.724786520004265,1.3402641,1.3402641
1.17,1.5591911,1.0,8.014241576194756,-0.38919115,0.38919115
3.92,2.9237409,1.0,9.378791332244866,0.9962592,0.9962592
1.06,1.6024823,1.0,8.057532787322991,-0.5424824,0.5424824
1.31,1.6385863,1.0,8.09363675117492,-0.32858634,0.32858634
1.2199999,1.592793,1.0,8.047843456268303,-0.37279308,0.37279308
1.37,1.6017873,1.0,8.05683779716491,-0.23178732,0.23178732
5.26,2.446433,1.0,8.901483535766594,2.8135672,2.8135672
1.28,1.504696,1.0,7.959746479988092,-0.22469604,0.22469604
1.03,1.6101234,1.0,8.065173864364617,-0.5801234,0.5801234
2.54,3.0393069,1.0,9.494357347488396,-0.49930692,0.49930692
1.94,1.5530529,1.0,8.008103370666497,0.38694715,0.38694715
1.63,1.5994498,1.0,8.054500222206109,0.030550241,0.030550241
2.8700001,1.7266731,1.0,8.18172359466552,1.143327,1.143327
1.4399999,1.7519044,1.0,8.20695483684539,-0.31190443,0.31190443
1.27,1.6985462,1.0,8.153596639633172,-0.4285462,0.4285462
6.33,4.72701,2.629982775449754,11.182060241699212,1.6029902,1.6029902
2.3,1.7152466,1.0,8.17029702663421,0.5847534,0.5847534
1.91,1.6352158,1.0,8.09026622772216,0.2747842,0.2747842
1.62,2.1854177,1.0,8.640468120574944,-0.56541765,0.56541765
1.35,1.6396372,1.0,8.0946877002716,-0.2896372,0.2896372
1.81,1.7118509,1.0,8.166901350021355,0.09814906,0.09814906
1.68,1.5898347,1.0,8.044885158538811,0.09016526,0.09016526
1.52,1.6854266,1.0,8.14047706127166,-0.16542661,0.16542661
3.47,2.3851516,1.0,8.840202093124383,1.0848484,1.0848484
1.14,1.6164988,1.0,8.071549296379082,-0.47649884,0.47649884
